Uuid,Void/Retire,Name,Concept Drug,Concept Dosage Form,Strength,_version:1
77497f60-8ff1-4508-bf74-00944e5c030d,,Oxycodone/Acetaminophen 5mg+325mg,103281AAAAAAAAAAAAAAAAAAAAAAAAAAAAAA,1513AAAAAAAAAAAAAAAAAAAAAAAAAAAAAAAA,5mg+325mg,
e6b91fc3-8961-493e-9acb-5853162ffec7,,Famotidine,76178AAAAAAAAAAAAAAAAAAAAAAAAAAAAAAA,1513AAAAAAAAAAAAAAAAAAAAAAAAAAAAAAAA,,
dd87f758-a49b-44ac-841b-16b61c176244,,Azithromycin,71780AAAAAAAAAAAAAAAAAAAAAAAAAAAAAAA,1513AAAAAAAAAAAAAAAAAAAAAAAAAAAAAAAA,,
7a595a6a-8c0b-4725-addd-ad2d82100b98,,Ceftriaxone 1g,73041AAAAAAAAAAAAAAAAAAAAAAAAAAAAAAA,160242AAAAAAAAAAAAAAAAAAAAAAAAAAAAAA,1g,
9762b8c0-bdba-49ed-ae32-0290a04e8ab9,,Ondansetron,81073AAAAAAAAAAAAAAAAAAAAAAAAAAAAAAA,1513AAAAAAAAAAAAAAAAAAAAAAAAAAAAAAAA,,
5668deaf-9459-42df-bea8-db378f0d38f6,,Oxycodone,81332AAAAAAAAAAAAAAAAAAAAAAAAAAAAAAA,1513AAAAAAAAAAAAAAAAAAAAAAAAAAAAAAAA,,
988bf012-f48f-4ed2-a6f1-5488505584e6,,Acetaminophen,70116AAAAAAAAAAAAAAAAAAAAAAAAAAAAAAA,1513AAAAAAAAAAAAAAAAAAAAAAAAAAAAAAAA,,
dfd36a48-1946-454c-bc04-8dc7cada7120,,Acetaminophen 325 mg,70116AAAAAAAAAAAAAAAAAAAAAAAAAAAAAAA,1513AAAAAAAAAAAAAAAAAAAAAAAAAAAAAAAA,325mg,
85315e68-f8f1-43e6-b957-ae773bfaf9b7,,Lisinopril,78945AAAAAAAAAAAAAAAAAAAAAAAAAAAAAAA,1513AAAAAAAAAAAAAAAAAAAAAAAAAAAAAAAA,,
c6f2234a-75ed-4530-bd60-1196fd84d0c6,,Lisinopril 2.5 mg,78945AAAAAAAAAAAAAAAAAAAAAAAAAAAAAAA,1513AAAAAAAAAAAAAAAAAAAAAAAAAAAAAAAA,2.5mg,
e5300d81-b7cd-4010-8a1c-269030d5bab4,,Lisinopril 5 mg,78945AAAAAAAAAAAAAAAAAAAAAAAAAAAAAAA,1513AAAAAAAAAAAAAAAAAAAAAAAAAAAAAAAA,5mg,
e6bd712f-5fb7-4704-8cc3-f26b7f710d20,,Lisinopril 10 mg,78945AAAAAAAAAAAAAAAAAAAAAAAAAAAAAAA,1513AAAAAAAAAAAAAAAAAAAAAAAAAAAAAAAA,10mg,
1e5421d1-abcd-4d88-8776-1a8057506aba,,Lisinopril 20 mg,78945AAAAAAAAAAAAAAAAAAAAAAAAAAAAAAA,1513AAAAAAAAAAAAAAAAAAAAAAAAAAAAAAAA,20mg,
f6ad6ed0-953c-4b45-ba41-2f302f3b8b09,,Lisinopril 30 mg,78945AAAAAAAAAAAAAAAAAAAAAAAAAAAAAAA,1513AAAAAAAAAAAAAAAAAAAAAAAAAAAAAAAA,30mg,
41323ed9-967b-4afa-bc9b-cda3ceb42050,,Lisinopril 40 mg,78945AAAAAAAAAAAAAAAAAAAAAAAAAAAAAAA,1513AAAAAAAAAAAAAAAAAAAAAAAAAAAAAAAA,40mg,
43615798-db46-4e2a-95a8-182ead4da45b,,Amlodipine,71137AAAAAAAAAAAAAAAAAAAAAAAAAAAAAAA,1513AAAAAAAAAAAAAAAAAAAAAAAAAAAAAAAA,,
00a789ff-da44-42b9-b929-3a069d98d3e1,,Amlodipine 5mg,71137AAAAAAAAAAAAAAAAAAAAAAAAAAAAAAA,1513AAAAAAAAAAAAAAAAAAAAAAAAAAAAAAAA,5mg,
762b4267-6ce6-4de7-8342-7d415fedda6b,,Levothyroxine sodium,78809AAAAAAAAAAAAAAAAAAAAAAAAAAAAAAA,1513AAAAAAAAAAAAAAAAAAAAAAAAAAAAAAAA,,
15c7d21f-cd1a-4eed-ab79-2fcfe0d99592,,Levothyroxine sodium 75 mcg,78809AAAAAAAAAAAAAAAAAAAAAAAAAAAAAAA,1513AAAAAAAAAAAAAAAAAAAAAAAAAAAAAAAA,75mcg,
a80acf74-a85c-4fef-8dc4-d763e364663f,,Metformin,79651AAAAAAAAAAAAAAAAAAAAAAAAAAAAAAA,1513AAAAAAAAAAAAAAAAAAAAAAAAAAAAAAAA,,
81dadd82-3ac8-4aab-9f61-848b89b3f053,,Metformin Co,79651AAAAAAAAAAAAAAAAAAAAAAAAAAAAAAA,1513AAAAAAAAAAAAAAAAAAAAAAAAAAAAAAAA,,
721497f0-dcf4-4f05-8fe7-e2e487b0d774,,Metformin Co 500mg,79651AAAAAAAAAAAAAAAAAAAAAAAAAAAAAAA,1513AAAAAAAAAAAAAAAAAAAAAAAAAAAAAAAA,500mg,
d590f509-1e79-479c-bcdd-5f3812b16803,,Metformin Co 1000mg,79651AAAAAAAAAAAAAAAAAAAAAAAAAAAAAAA,1513AAAAAAAAAAAAAAAAAAAAAAAAAAAAAAAA,1000mg,
405bf055-32ff-405c-b041-4e4543f66e99,,Metformin 1000mg,79651AAAAAAAAAAAAAAAAAAAAAAAAAAAAAAA,1513AAAAAAAAAAAAAAAAAAAAAAAAAAAAAAAA,1000mg,
3543c654-0834-4c90-982c-5e277005c15d,,Griséofulvine Co 500mg,c9c0c627-7ba6-4880-a702-cfc985a296fa,1513AAAAAAAAAAAAAAAAAAAAAAAAAAAAAAAA,500mg,
3af6ca73-f2ee-43ff-8464-fa00bf525e9b,,Advil 200mg,ff5cdb18-0258-4467-bf1f-35c7b6339767,1513AAAAAAAAAAAAAAAAAAAAAAAAAAAAAAAA,200mg,
143c0048-33d5-46e6-b7b9-85b12769b629,,Multi-Vitamin Adult,e770a760-5e8b-42d8-939f-c7b12ea3754f,1513AAAAAAAAAAAAAAAAAAAAAAAAAAAAAAAA,,
9c257346-524c-4eef-bcf3-2cf4b472b2a8,,Multi-Vitamin Children,8a52cbaf-7303-44a8-ba47-976c4104f9d7,1513AAAAAAAAAAAAAAAAAAAAAAAAAAAAAAAA,,
fb601ad7-ffb6-4624-8f64-93522bb8d4ac,,Multi-Vitamin Prenatal,564a7a84-148f-4814-a520-d0351dbea6dc,1513AAAAAAAAAAAAAAAAAAAAAAAAAAAAAAAA,,
124a4a8e-f920-4898-b3d0-6d463b1c3db2,,Atenolol 50mg,1e10d8c9-36f0-4d6b-8ff6-7a453876d512,1513AAAAAAAAAAAAAAAAAAAAAAAAAAAAAAAA,50mg,
b0ce9018-f569-4380-a233-97efb9d2a168,,Hydrochlorothiazide 50mg,77696AAAAAAAAAAAAAAAAAAAAAAAAAAAAAAA,1513AAAAAAAAAAAAAAAAAAAAAAAAAAAAAAAA,50mg,
6ca6fa54-5b32-4d64-a66c-542c0889f840,,Lasix 20mg,9f6c3927-2a31-485c-8735-f10b9951aef9,1513AAAAAAAAAAAAAAAAAAAAAAAAAAAAAAAA,20mg,
09e58895-e7f0-4649-b7c0-e665c5c08e93,,Aspirin 81mg,71617AAAAAAAAAAAAAAAAAAAAAAAAAAAAAAA,1513AAAAAAAAAAAAAAAAAAAAAAAAAAAAAAAA,81mg,
38087db3-7395-431f-88d5-bb25e06e33f1,,Aspirin 325mg,71617AAAAAAAAAAAAAAAAAAAAAAAAAAAAAAA,1513AAAAAAAAAAAAAAAAAAAAAAAAAAAAAAAA,325mg,
8d4d2102-52a5-445d-9e0f-462d8967336a,,Celebrex 200mg,72c81a79-f281-40ac-a54c-bed78c89e385,1513AAAAAAAAAAAAAAAAAAAAAAAAAAAAAAAA,200mg,
c0a931b7-c900-45fe-b672-b78a00f41ed2,,Neurontin 100mg,0c0563de-cd06-49de-8b31-af79d668b81b,1513AAAAAAAAAAAAAAAAAAAAAAAAAAAAAAAA,100mg,
12da54e5-294a-4be2-834c-4ffd996a5bf6,,Neurontin 800mg,0c0563de-cd06-49de-8b31-af79d668b81b,1513AAAAAAAAAAAAAAAAAAAAAAAAAAAAAAAA,800mg,
fc882328-40ef-4fa3-852f-81f69fcf954f,,Tums,f381801c-7c75-4ab9-bdfe-3caa07175dfc,1513AAAAAAAAAAAAAAAAAAAAAAAAAAAAAAAA,,
0adc85cf-de4e-4c4b-a483-d8586f19626b,,Prilosec 20mg,df3f7c1f-dac8-429b-ba38-90d770c1253c,1513AAAAAAAAAAAAAAAAAAAAAAAAAAAAAAAA,20mg,
d5d560bc-e481-4874-93d0-a1023d1ce766,,Zantac 150mg,4c187e9c-3623-4763-94b4-86426e6a447f,1513AAAAAAAAAAAAAAAAAAAAAAAAAAAAAAAA,150mg,
45395ed4-63b2-43d2-af2a-23f4dc8e1b9e,,Protonix 20mg,b3ed709f-f800-4ea9-bbba-f52c69ef0d86,1513AAAAAAAAAAAAAAAAAAAAAAAAAAAAAAAA,20mg,
d6a60960-b4df-4ab0-a231-1c3fcc8414e1,,Glucotrol 5mg,e6701098-9f0e-41f9-9c9d-fcdb57715bef,1513AAAAAAAAAAAAAAAAAAAAAAAAAAAAAAAA,5mg,
af4be8ee-45b3-47e3-a32e-1c3bfb2e6f61,,Glipizide Er 3mg,da550975-a6c3-47f2-b568-1e2e749644c7,1513AAAAAAAAAAAAAAAAAAAAAAAAAAAAAAAA,3mg,
912e4679-7758-403e-8441-5b528561f7bc,,Glipizide Er 6mg,da550975-a6c3-47f2-b568-1e2e749644c7,1513AAAAAAAAAAAAAAAAAAAAAAAAAAAAAAAA,6mg,
2949ec94-0e60-4a99-b699-e36daa665033,,Bacitracin,2dc41359-1deb-4a83-b5ae-82c7df066bb4,0689bb6e-9371-4a0f-ad1c-63c135b1714d,,
f691c1c4-1fe3-4fd5-afbf-2167ad241164,,Lotrimin 1%,895ae798-25af-4232-b4a1-942b11abd446,0689bb6e-9371-4a0f-ad1c-63c135b1714d,1%,
4125aa3e-4b43-41c2-99a3-00bb71978084,,Nystatin 100000U/g,984a9a0b-13f6-4bb4-b55d-c51d5ce225c9,0689bb6e-9371-4a0f-ad1c-63c135b1714d,100000U/g,
5363a53f-a3c2-4a29-b7f0-a4b075052e5e,,Levaquin 250mg,98dbb9b2-9859-4b68-b08a-78f88f629d40,1513AAAAAAAAAAAAAAAAAAAAAAAAAAAAAAAA,250mg,
5449d13a-591f-4840-9739-870966625f0f,,Valtrex 1g,0f5a1ae5-e52f-4252-96c4-895487daa4ff,1513AAAAAAAAAAAAAAAAAAAAAAAAAAAAAAAA,1g,
12dd160a-2ab4-4b95-900c-40ebf6ccc55f,,Doxycycline 100mg,b571adbe-388f-4219-be01-343738d3ed80,1513AAAAAAAAAAAAAAAAAAAAAAAAAAAAAAAA,100mg,
76a434fd-df90-4b19-ba47-26ddd7a00437,,Diflucan 200mg,32d6f1a8-7a0d-46f7-845a-84e3a27e686e,1513AAAAAAAAAAAAAAAAAAAAAAAAAAAAAAAA,200mg,
56034516-35a4-4bca-826e-df42008ebeed,,Albenza 400mg,8f668b49-584f-4cba-b0f2-817a8aaf50c4,1513AAAAAAAAAAAAAAAAAAAAAAAAAAAAAAAA,400mg,
396c0447-c8e2-4f2f-a9a1-b664efe352ea,,Lindane 1%,18e51e1e-544c-4716-a87b-79748cb46229,90a3f930-2eef-4a2e-8427-5359607c7b13,1%,
a8355c83-31db-4089-a962-512e35097ef0,,Amoxicillin 500mg,627a6041-ad81-4968-8adf-2f49aec4433b,1513AAAAAAAAAAAAAAAAAAAAAAAAAAAAAAAA,500mg,
8dd89c2e-b45b-4fea-98d5-f6b9f02247c1,,Ceftin 250mg/5ml,3c1e94bf-2892-461c-8d95-32bd533802a6,1513AAAAAAAAAAAAAAAAAAAAAAAAAAAAAAAA,250mg/5ml,
dfc7e569-4e44-4b11-bc7f-4d0d7b768fd4,,Spiriva,6ad5a53a-4d46-475e-9de9-d16a4ee9bbfe,658c1b9c-51c8-4734-8bf2-80e750c7889f,,
0ba092a4-3fc1-4d45-a2cb-c7eaf95d6ebd,,Pulmicort,7e31f224-d756-41e6-9fd0-eb5ce3985460,658c1b9c-51c8-4734-8bf2-80e750c7889f,,
83d3ac4b-1aa8-40bb-83dd-7381a2876dc1,,Proventil,445f380a-f693-4100-9c9a-e43b73635039,658c1b9c-51c8-4734-8bf2-80e750c7889f,,
8833d035-ac2d-4d23-b5cc-720ebfee1533,,Xopenex,55db5ea6-2a10-4782-acbf-6971017de4b6,658c1b9c-51c8-4734-8bf2-80e750c7889f,,
e8b79172-45cd-40ce-9ca8-0a6a652bb47e,,Cortef,a2956625-0a07-48b7-9344-3cb707dcd542,1513AAAAAAAAAAAAAAAAAAAAAAAAAAAAAAAA,,
1fc3e5e1-85dd-4a1e-88fa-5f57e07d727d,,Miralax 17g,5a26faba-ca4c-458c-9f41-2a75e242694e,dc6382df-6fc7-4700-bb93-b9b5dd5ee9c2,17g,
aae13cbd-1509-4e4d-9b5a-ce6139fb74c2,,Colace 100mg,1a88b47f-b42f-414c-a159-c0261634441d,1513AAAAAAAAAAAAAAAAAAAAAAAAAAAAAAAA,100mg,
311f1a89-0c75-4b34-bc88-00f2edee9400,,Senokot 17mg,e0e07cd2-9da6-492f-bbfa-8599e87ad9a4,1513AAAAAAAAAAAAAAAAAAAAAAAAAAAAAAAA,17mg,
8dd28534-a357-4617-8909-2160f7fd7e4c,,Claritin,2950f6c0-e75a-458e-9585-4096b9c759bf,1513AAAAAAAAAAAAAAAAAAAAAAAAAAAAAAAA,,
277024fa-a41d-4655-8485-a44ef683c41f,,Benadryl,1d4d3f02-ccf9-4c9e-b321-486b75c50924,1513AAAAAAAAAAAAAAAAAAAAAAAAAAAAAAAA,,
e3a59ed6-c9b9-4bb0-922d-25fc6aa74043,,Deltasone,8d27dba5-b2ee-4f02-acb7-49e63267cdfe,1513AAAAAAAAAAAAAAAAAAAAAAAAAAAAAAAA,,
52128175-f648-4a4b-bb2d-4d7a97ea4b6e,,Vitamin B12 1000mcg,836b7f4c-9e3c-4a53-bb08-ab8990b5b9d8,bd1b2599-84d2-4f33-ba25-4f6d42d147a5,1000mcg,
28dc1ebd-945e-4795-9060-5c60ffb5a577,,Ultram 50mg,34daf0c8-739f-4649-9d96-b45a32a233d6,1513AAAAAAAAAAAAAAAAAAAAAAAAAAAAAAAA,50mg,
b9f17974-47ba-430f-9a17-352f50241e90,,Flexeril 5mg,4d159957-5f5c-444c-9637-8ab41e564f1f,1513AAAAAAAAAAAAAAAAAAAAAAAAAAAAAAAA,5mg,
7104f6ed-8793-4b51-8425-5fcb9cf8a59e,,Bismuth subsalicylate 300mg,72241AAAAAAAAAAAAAAAAAAAAAAAAAAAAAAA,1513AAAAAAAAAAAAAAAAAAAAAAAAAAAAAAAA,300mg,
ce6b9fe4-6cbc-495e-8744-20a9cb48f1cf,,Esomeprazole 20mg,75875AAAAAAAAAAAAAAAAAAAAAAAAAAAAAAA,1513AAAAAAAAAAAAAAAAAAAAAAAAAAAAAAAA,20mg,
637499ff-1c54-4722-ba57-3e41b3d22a49,,Permethrin,6315c226-01f6-4c59-9332-74f5347c3ef7,0689bb6e-9371-4a0f-ad1c-63c135b1714d,,
47453ba1-85f2-4c78-b1c7-8b3c79e40df2,,Zeasorb 2%,965b643b-c07e-4959-8476-172e4aa5c4f9,0689bb6e-9371-4a0f-ad1c-63c135b1714d,2%,
2f6bc24e-bd9e-4520-a6ba-f999ef7cbafd,,Tolnoftate 1%,af2ea7b7-e1f3-4e26-be0d-7d67242b8fd4,0689bb6e-9371-4a0f-ad1c-63c135b1714d,1%,
f321c087-0a5b-48c1-a605-3954e6159b86,,Xylocaine,4ceec0ac-5c27-4c46-bb21-73dde18d02bd,90a3f930-2eef-4a2e-8427-5359607c7b13,,
63e5f917-ce97-47c4-8423-126bd798636e,,Normal Saline 0.9%,cc4a27b0-78cb-4d3d-9c85-51f4a06d1f4a,90a3f930-2eef-4a2e-8427-5359607c7b13,0.90%,
856c6ba9-201e-4022-a4b4-6d8aafeff7fd,,Dermadex 10mg,1b296ced-55cc-48b7-96c3-9447267d1302,1513AAAAAAAAAAAAAAAAAAAAAAAAAAAAAAAA,10mg,
60508974-752a-4960-b0be-f0e6aa6da64b,,Inderal 80mg,062fc7f6-3d11-409a-96f7-a60cd8a71a36,1513AAAAAAAAAAAAAAAAAAAAAAAAAAAAAAAA,80mg,
b6a421fd-50f2-4ed7-b687-23d985e42a50,,Glucotrol 10mg,e6701098-9f0e-41f9-9c9d-fcdb57715bef,1513AAAAAAAAAAAAAAAAAAAAAAAAAAAAAAAA,10mg,
ab1a18bd-926d-48f3-8006-16314952698b,,Glyburide 5mg,37466129-caab-4a63-b050-95f6d7024ef6,1513AAAAAAAAAAAAAAAAAAAAAAAAAAAAAAAA,5mg,
54e1a064-172b-4d3c-ae8e-b78afb368c37,,Glyburide 3mg,37466129-caab-4a63-b050-95f6d7024ef6,1513AAAAAAAAAAAAAAAAAAAAAAAAAAAAAAAA,3mg,
e79df49a-71a6-4169-952c-0225048cb482,,Glyburide 6mg,37466129-caab-4a63-b050-95f6d7024ef6,1513AAAAAAAAAAAAAAAAAAAAAAAAAAAAAAAA,6mg,
8d883d65-9473-46ff-8b14-0ebe1f9a86da,,Ceclor 125mg/5ml,73e70d41-9b9c-467d-b7a8-8ca548d34031,94ecbbb3-71b7-407b-bac4-3279abbf1b69,125mg/5ml,
91450143-ca6e-46fe-9fff-274be47521db,,Famvir 250mg,fdb394d2-4ed8-4a8f-be4b-a37e3a783537,1513AAAAAAAAAAAAAAAAAAAAAAAAAAAAAAAA,250mg,
b9934447-70bb-4ef3-a65d-ff7cffe39025,,Levaquin 250mg,98dbb9b2-9859-4b68-b08a-78f88f629d40,1513AAAAAAAAAAAAAAAAAAAAAAAAAAAAAAAA,250mg,
b257beaf-a967-4822-8f78-9f87be045959,,Minocin 90mg,42bd60df-ddbb-402e-afb0-55479036d9c2,1513AAAAAAAAAAAAAAAAAAAAAAAAAAAAAAAA,90mg,
ca382f91-17b3-4b54-973e-8ccbdd89b8e1,,Cleocin 300mg,be063ef1-5a35-491c-b521-fd93bcad0117,1513AAAAAAAAAAAAAAAAAAAAAAAAAAAAAAAA,300mg,
9c38ea14-0972-46a9-9dac-76cafbb44971,,Cipro 250mg,a5a5aaf1-541e-4ca6-9753-bd4b0e479f81,1513AAAAAAAAAAAAAAAAAAAAAAAAAAAAAAAA,250mg,
03f18d86-ac0a-49a6-87bf-e022119301ad,,Cipro 500mg,a5a5aaf1-541e-4ca6-9753-bd4b0e479f81,1513AAAAAAAAAAAAAAAAAAAAAAAAAAAAAAAA,500mg,
83d98064-593f-4cf9-bec4-c427d4677f7d,,Biaxin 500mg,a4391c57-549b-4047-8971-c3fa72e140b5,1513AAAAAAAAAAAAAAAAAAAAAAAAAAAAAAAA,500mg,
45e91fa2-5458-4d2f-854b-11f08eb12801,,Solu-Medrol 125mg/5ml,fb23af41-6811-4e45-b0ee-dc1c0e2239cb,90a3f930-2eef-4a2e-8427-5359607c7b13,125mg/5ml,
827f6978-a666-4c58-8218-7388fdcc6fa3,,Visine 0.05%,17faad0f-246e-40fa-ba44-182e08ad51e5,90a3f930-2eef-4a2e-8427-5359607c7b13,0.05%,
247b17b0-8fe9-48de-a0f6-4b9a6f1caee8,,Allegra 60mg,8f446491-b746-43ae-bb22-1511aa0c5e29,1513AAAAAAAAAAAAAAAAAAAAAAAAAAAAAAAA,60mg,
14af1c0c-decd-41c0-ba07-95059f167ed2,,Allegra 180mg,8f446491-b746-43ae-bb22-1511aa0c5e29,1513AAAAAAAAAAAAAAAAAAAAAAAAAAAAAAAA,180mg,
3d215e2e-0560-4afc-9023-e1d1088bf484,,Robitussin Adult 200mg/5ml,0e35f48a-437d-4f32-8b83-bfb20c814457,94ecbbb3-71b7-407b-bac4-3279abbf1b69,200mg/5ml,
e42af6eb-e624-402e-bb26-ff2540a390d0,,Tudorza Pressair 400mcg,73e97253-5b15-4893-bd83-d4aca5f57eb7,658c1b9c-51c8-4734-8bf2-80e750c7889f,400mcg,
08128635-a443-42af-9b5d-32a2132cef06,,Pulmicort 90mcg,7e31f224-d756-41e6-9fd0-eb5ce3985460,658c1b9c-51c8-4734-8bf2-80e750c7889f,90mcg,
931d1308-a72f-4f3a-a627-63d8b3c8c25d,,Malarone,0fef4696-0ca0-4d5d-9fd2-69735171412f,1513AAAAAAAAAAAAAAAAAAAAAAAAAAAAAAAA,,
b0918013-25be-420f-b133-a76fbedb3406,,Symbicort 160mcg+4.5mcg,04cda318-f9d2-4c09-bf27-8597b9bbdc68,658c1b9c-51c8-4734-8bf2-80e750c7889f,160mcg+4.5mcg,
7c61da9b-9c70-484f-8da7-ca9a45aa56f9,,Ultracet 37.5mg+325mg,fefa8262-934f-49c5-827f-be9533a4cd94,1513AAAAAAAAAAAAAAAAAAAAAAAAAAAAAAAA,37.5mg+325mg,
ed9e55d8-eb78-4e2f-bc57-d5107ac1481c,,Amoxicillin 125mg/5ml,43338e03-ed88-43c9-af23-995d91b94c0d,94ecbbb3-71b7-407b-bac4-3279abbf1b69,125mg/5ml,
d3916ced-81fa-455f-bac7-f0afed65d9b1,,Tobradex 0.3%+0.1%,587a6e6e-3675-4c92-bac0-a5c99ce1425e,90a3f930-2eef-4a2e-8427-5359607c7b13,0.3%+0.1%,
4bc64ce7-18a8-460a-9314-0f89e4ca2d0b,,Bactrim 160mg+800mg,becdbefb-d88b-4a21-affa-46a2c5dbdbdb,1513AAAAAAAAAAAAAAAAAAAAAAAAAAAAAAAA,160mg+800mg,
8f04e3bf-60da-4e53-a577-f5fac65ec25e,,Augmentin 600mg+42.9mg/75ml,43338e03-ed88-43c9-af23-995d91b94c0d,94ecbbb3-71b7-407b-bac4-3279abbf1b69,600mg+42.9mg/75ml,
e6f2566d-610f-4d78-a3d5-e086d6742c51,,Advair 500mg+50mg,c5a918a7-e968-4836-b8c3-15f7e1b22373,658c1b9c-51c8-4734-8bf2-80e750c7889f,500mg+50mg,
1281857e-3426-4ca4-ae06-cd35cb4e0e01,,Breo 80mg+4.5mg,39aee96f-314c-4535-a249-171b4191b70f,658c1b9c-51c8-4734-8bf2-80e750c7889f,80mg+4.5mg,
51717134-b03a-4951-9e67-9fc56a920a24,,Hydrocortisone + Acetic Acid Otic,3332a02d-c154-45e8-ae0a-b9d36c899770,90a3f930-2eef-4a2e-8427-5359607c7b13,,
6a455315-51b3-41db-9e5d-ee03c2ad3cdb,,Augmentin 250mg+62.5mg/5ml,5af24242-1f58-40ef-a9a6-417cdf53c81c,94ecbbb3-71b7-407b-bac4-3279abbf1b69,250mg+62.5mg/5ml,
2ddaae26-c352-4245-a1d5-b8884068d17b,,Augmentin 600mg+42.9mg/125ml,5af24242-1f58-40ef-a9a6-417cdf53c81c,94ecbbb3-71b7-407b-bac4-3279abbf1b69,600mg+42.9mg/125ml,
f2736658-a69e-45e0-b289-e771ec86fc0c,,Advair 250mg+50mg,c5a918a7-e968-4836-b8c3-15f7e1b22373,658c1b9c-51c8-4734-8bf2-80e750c7889f,250mg+50mg,
a116c770-3d2e-4139-b670-45e021fede4e,,Advil 400mg,ff5cdb18-0258-4467-bf1f-35c7b6339767,1513AAAAAAAAAAAAAAAAAAAAAAAAAAAAAAAA,400mg,
3e804780-c538-4800-ab4d-da7f710dc4cd,,Advil 600mg,ff5cdb18-0258-4467-bf1f-35c7b6339767,1513AAAAAAAAAAAAAAAAAAAAAAAAAAAAAAAA,600mg,
62e89330-c656-44dc-bcf9-a7c90111e8c3,,Albenza 200mg,8f668b49-584f-4cba-b0f2-817a8aaf50c4,1513AAAAAAAAAAAAAAAAAAAAAAAAAAAAAAAA,200mg,
e2dc4a41-7f0b-44c7-ac3a-676939f176ef,,Alclometasone 0.05%,213140e7-8ea5-467e-8915-014de88149b2,0689bb6e-9371-4a0f-ad1c-63c135b1714d,0.05%,
a8b5bd1d-867a-4159-b585-13fe1bd59dce,,Amoxicillin 250mg,627a6041-ad81-4968-8adf-2f49aec4433b,1513AAAAAAAAAAAAAAAAAAAAAAAAAAAAAAAA,250mg,
0e99b832-3cad-4039-bfb5-0c2f55906f8a,,Amoxicillin 250mg/5ml,43338e03-ed88-43c9-af23-995d91b94c0d,94ecbbb3-71b7-407b-bac4-3279abbf1b69,250mg/5ml,
9e99eb20-5172-433a-ba7e-669b0f2af50b,,Amoxicillin 400mg/5ml,43338e03-ed88-43c9-af23-995d91b94c0d,94ecbbb3-71b7-407b-bac4-3279abbf1b69,400mg/5ml,
a722710f-403b-451f-804b-09f8624b0838,,Aspirin 162.5mg,71617AAAAAAAAAAAAAAAAAAAAAAAAAAAAAAA,1513AAAAAAAAAAAAAAAAAAAAAAAAAAAAAAAA,162.5mg,
20e0d495-b906-405e-9cc7-1a18e14a5612,,Atenolol 100mg,1e10d8c9-36f0-4d6b-8ff6-7a453876d512,1513AAAAAAAAAAAAAAAAAAAAAAAAAAAAAAAA,100mg,
8b8aceae-7a1e-49d1-823a-ae657ea4184f,,Atenolol 25mg,1e10d8c9-36f0-4d6b-8ff6-7a453876d512,1513AAAAAAAAAAAAAAAAAAAAAAAAAAAAAAAA,25mg,
41acb9e7-5737-41fb-8931-746355fc0beb,,Atenolol 75mg,1e10d8c9-36f0-4d6b-8ff6-7a453876d512,1513AAAAAAAAAAAAAAAAAAAAAAAAAAAAAAAA,75mg,
93ac42d5-b121-4e7c-9f80-37f50bcaff64,,Bacitracin 500U/g,2dc41359-1deb-4a83-b5ae-82c7df066bb4,0689bb6e-9371-4a0f-ad1c-63c135b1714d,500U/g,
1a9438b3-0cfb-4bef-b4fc-dc4324bb4134,,Benadryl 25mg,1d4d3f02-ccf9-4c9e-b321-486b75c50924,1513AAAAAAAAAAAAAAAAAAAAAAAAAAAAAAAA,25mg,
fcc75458-0d8e-4921-b6a8-baf5a7e26d8e,,Benadryl 50mg,1d4d3f02-ccf9-4c9e-b321-486b75c50924,1513AAAAAAAAAAAAAAAAAAAAAAAAAAAAAAAA,50mg,
02005fc7-625e-40de-bfbe-872f85b48e07,,Betamethasone 0.05%,213140e7-8ea5-467e-8915-014de88149b2,0689bb6e-9371-4a0f-ad1c-63c135b1714d,0.05%,
19bf89f5-6f1b-4b11-82b7-686d619f5667,,Biaxin 250mg,a4391c57-549b-4047-8971-c3fa72e140b5,1513AAAAAAAAAAAAAAAAAAAAAAAAAAAAAAAA,250mg,
8c855783-fc73-4b3a-a415-4ca6a2b9560e,,Captopril 12.5mg,f5e348b5-ecd5-47cf-9a37-78e7ef08978d,1513AAAAAAAAAAAAAAAAAAAAAAAAAAAAAAAA,12.5mg,
864df3a3-cbda-48d7-86fb-6059b6db713b,,Captopril 25mg,f5e348b5-ecd5-47cf-9a37-78e7ef08978d,1513AAAAAAAAAAAAAAAAAAAAAAAAAAAAAAAA,25mg,
d9d1d81a-ab7c-47f5-9dbc-f837b82b4a30,,Captopril 50mg,f5e348b5-ecd5-47cf-9a37-78e7ef08978d,1513AAAAAAAAAAAAAAAAAAAAAAAAAAAAAAAA,50mg,
bb8a1afa-9dbc-477d-93b3-411f03f742f7,,Ceclor 250mg/5ml,73e70d41-9b9c-467d-b7a8-8ca548d34031,94ecbbb3-71b7-407b-bac4-3279abbf1b69,250mg/5ml,
40c49aab-41f0-4782-a1c7-88d190e4ffae,,Ceftin 125mg/5ml,3c1e94bf-2892-461c-8d95-32bd533802a6,1513AAAAAAAAAAAAAAAAAAAAAAAAAAAAAAAA,125mg/5ml,
a6bb9b34-7417-4602-b2c4-62f8559c0ef9,,Chloroquine 250mg,7c929bab-b652-4ef1-b0de-6d98c6cee180,1513AAAAAAAAAAAAAAAAAAAAAAAAAAAAAAAA,250mg,
28137a3d-215c-4b8f-bda1-ee13e5bb4bd5,,Chloroquine 500mg,7c929bab-b652-4ef1-b0de-6d98c6cee180,1513AAAAAAAAAAAAAAAAAAAAAAAAAAAAAAAA,500mg,
372d5752-dc7b-487e-b450-e7cdabacef50,,Cipro 750mg,a5a5aaf1-541e-4ca6-9753-bd4b0e479f81,1513AAAAAAAAAAAAAAAAAAAAAAAAAAAAAAAA,750mg,
2976fb3e-a020-4a29-8424-878928607e01,,Claritin 10mg,2950f6c0-e75a-458e-9585-4096b9c759bf,1513AAAAAAAAAAAAAAAAAAAAAAAAAAAAAAAA,10mg,
3e14295d-63f7-4876-8767-cf93f9c6ca68,,Claritin 5mg/5ml,2950f6c0-e75a-458e-9585-4096b9c759bf,94ecbbb3-71b7-407b-bac4-3279abbf1b69,5mg/5ml,
b4abf73f-d647-49a7-9957-a16983d8b211,,Cleocin 150mg,be063ef1-5a35-491c-b521-fd93bcad0117,1513AAAAAAAAAAAAAAAAAAAAAAAAAAAAAAAA,150mg,
8035131f-4346-481b-b746-84837e900781,,Cleocin 450mg,be063ef1-5a35-491c-b521-fd93bcad0117,1513AAAAAAAAAAAAAAAAAAAAAAAAAAAAAAAA,450mg,
c76ca2a3-c70e-42cd-9618-500ebf3f2474,,Deltasone 10mg,8d27dba5-b2ee-4f02-acb7-49e63267cdfe,1513AAAAAAAAAAAAAAAAAAAAAAAAAAAAAAAA,10mg,
8a9fdf80-2caa-407d-96a7-a5701a140e6a,,Deltasone 20mg,8d27dba5-b2ee-4f02-acb7-49e63267cdfe,1513AAAAAAAAAAAAAAAAAAAAAAAAAAAAAAAA,20mg,
c259b78f-6dac-4749-a21f-935646bc3c0d,,Deltasone 40mg,8d27dba5-b2ee-4f02-acb7-49e63267cdfe,1513AAAAAAAAAAAAAAAAAAAAAAAAAAAAAAAA,40mg,
efb8b933-04cc-4f2f-8499-94a8b7b58027,,Deltasone 5mg,8d27dba5-b2ee-4f02-acb7-49e63267cdfe,1513AAAAAAAAAAAAAAAAAAAAAAAAAAAAAAAA,5mg,
22ce4524-954e-41c2-a995-91ef80cad806,,Diclofenac 50mg,391d02a4-2640-4d7b-900f-f74de8e1b6ed,1513AAAAAAAAAAAAAAAAAAAAAAAAAAAAAAAA,50mg,
fb1509f8-0287-4111-a58c-e4f48fa6575d,,Diflucan 100mg,32d6f1a8-7a0d-46f7-845a-84e3a27e686e,1513AAAAAAAAAAAAAAAAAAAAAAAAAAAAAAAA,100mg,
f32f7a3f-d27f-412d-a91c-d8d99fad464e,,Diflucan 150mg,32d6f1a8-7a0d-46f7-845a-84e3a27e686e,1513AAAAAAAAAAAAAAAAAAAAAAAAAAAAAAAA,150mg,
f944281f-8655-4897-9fdb-6cc038d094f9,,Erythromycin 125mg/5ml,bbd3baa3-64bc-443d-b794-d684b413d7dd,94ecbbb3-71b7-407b-bac4-3279abbf1b69,125mg/5ml,
7a6c2021-7be0-46eb-bc03-b88b6d2f5ba6,,Erythromycin 250mg/5ml,bbd3baa3-64bc-443d-b794-d684b413d7dd,94ecbbb3-71b7-407b-bac4-3279abbf1b69,250mg/5ml,
ef56eef4-8be8-4c7b-af5b-38577d7b0e96,,Eucerin,8d26417d-5d45-4ca8-9d91-c18ae5792c8b,32b26cbd-818c-453c-8649-1cdc62e50d41,,
89e1bd4d-2d1e-4c1b-92ca-1d997943020d,,Flagyl 500mg,f9608d19-a304-4508-9074-4858cd3ccbed,1513AAAAAAAAAAAAAAAAAAAAAAAAAAAAAAAA,500mg,
f6f88eca-f59c-4859-8a7a-d005a59691ce,,Flexeril 10mg,4d159957-5f5c-444c-9637-8ab41e564f1f,1513AAAAAAAAAAAAAAAAAAAAAAAAAAAAAAAA,10mg,
52b9f66b-cb47-487a-9452-00e036fe1dd8,,Flonase 50mcg,59c4799f-151b-4479-a9c8-a05a27893d29,162375AAAAAAAAAAAAAAAAAAAAAAAAAAAAAA,50mcg,
6b8a0e60-09ee-4d93-b46a-3ab8cab22b29,,Gatorade,28001e9e-9369-421a-8e01-f2d9d68f0784,90a3f930-2eef-4a2e-8427-5359607c7b13,,
1fb6be75-14f1-4171-af87-2a7fb223a806,,Gentamicin 0.3%,1b6b830c-068d-460d-8411-c42ffe7b0331,90a3f930-2eef-4a2e-8427-5359607c7b13,0.30%,
85dc7fa9-2cbb-42ca-a7a8-244465f4f737,,Gentian Violet 1%,c30f5267-e067-4e01-9b88-8f4ee5c7c069,90a3f930-2eef-4a2e-8427-5359607c7b13,1%,
9a0b84c9-6c80-4fc0-9764-43a870b2a432,,Hydrocortisone 1%,a2956625-0a07-48b7-9344-3cb707dcd542,0689bb6e-9371-4a0f-ad1c-63c135b1714d,1%,
f116a3d6-3019-4e7c-9a1f-42c681144a31,,Hydrocortisone 2.5%,a2956625-0a07-48b7-9344-3cb707dcd542,0689bb6e-9371-4a0f-ad1c-63c135b1714d,2.50%,
c15080cf-f142-46be-8dd3-7193958c4e93,,Inderal IR 10mg,8540ed16-f5ba-4abb-b707-6abd20032a84,1513AAAAAAAAAAAAAAAAAAAAAAAAAAAAAAAA,10mg,
22e9616c-b0c0-4d3e-95e9-173750386d61,,Inderal IR 20mg,8540ed16-f5ba-4abb-b707-6abd20032a84,1513AAAAAAAAAAAAAAAAAAAAAAAAAAAAAAAA,20mg,
23e8de30-5b3c-4371-a185-200556fa0951,,Inderal IR 40mg,8540ed16-f5ba-4abb-b707-6abd20032a84,1513AAAAAAAAAAAAAAAAAAAAAAAAAAAAAAAA,40mg,
997f4df8-0cdd-47bc-ba71-a01c6bcd3b89,,Inderal IR 60mg,8540ed16-f5ba-4abb-b707-6abd20032a84,1513AAAAAAAAAAAAAAAAAAAAAAAAAAAAAAAA,60mg,
ec734d5e-53c3-4d59-8c3a-3ce9c9360bc9,,Iron IR 325mg,d49e1658-7a16-41d2-8937-4c785a8f6d4b,1513AAAAAAAAAAAAAAAAAAAAAAAAAAAAAAAA,325mg,
9bab903e-6312-4c6a-95dc-149c86e752ad,,Lasix 10mg,9f6c3927-2a31-485c-8735-f10b9951aef9,1513AAAAAAAAAAAAAAAAAAAAAAAAAAAAAAAA,10mg,
db08ac66-5b79-4e29-a799-6c9b76d3c40b,,Lasix 40mg,9f6c3927-2a31-485c-8735-f10b9951aef9,1513AAAAAAAAAAAAAAAAAAAAAAAAAAAAAAAA,40mg,
7edcd7d4-ca9f-45f8-b591-bcf0985e7213,,Lasix 60mg,9f6c3927-2a31-485c-8735-f10b9951aef9,1513AAAAAAAAAAAAAAAAAAAAAAAAAAAAAAAA,60mg,
cf76df0e-4571-4f7a-9a66-cb7122134077,,Lasix 80mg,9f6c3927-2a31-485c-8735-f10b9951aef9,1513AAAAAAAAAAAAAAAAAAAAAAAAAAAAAAAA,80mg,
39c32716-b384-4dd8-84c7-324786e015b3,,Levaquin 500mg,98dbb9b2-9859-4b68-b08a-78f88f629d40,1513AAAAAAAAAAAAAAAAAAAAAAAAAAAAAAAA,500mg,
d88a415d-1532-4d6e-9b47-b0264aa84485,,Metro-gel 0.75%,f9608d19-a304-4508-9074-4858cd3ccbed,0689bb6e-9371-4a0f-ad1c-63c135b1714d,0.75%,
92e5fe31-7eb4-4bdc-a245-e359715eee0e,,Motrin Chilren's 100mg/5ml,ff5cdb18-0258-4467-bf1f-35c7b6339767,94ecbbb3-71b7-407b-bac4-3279abbf1b69,100mg/5ml,
5939e5cd-cc6e-470a-bd7d-d1353e9174be,,Motrin Infant's 50mg/1.25ml,ff5cdb18-0258-4467-bf1f-35c7b6339767,94ecbbb3-71b7-407b-bac4-3279abbf1b69,50mg/1.25ml,
9dcd95b2-afe2-4d51-8b88-17211966fd65,,Neosporin,e28a653a-d7fc-4158-989f-9515963ea3db,0689bb6e-9371-4a0f-ad1c-63c135b1714d,,
c6308b9c-00f1-476c-aa61-745bb26e0f71,,Neurontin 300mg,0c0563de-cd06-49de-8b31-af79d668b81b,1513AAAAAAAAAAAAAAAAAAAAAAAAAAAAAAAA,300mg,
294c26b6-a5c8-454e-b9b7-16d103584b3d,,Neurontin 600mg,0c0563de-cd06-49de-8b31-af79d668b81b,1513AAAAAAAAAAAAAAAAAAAAAAAAAAAAAAAA,600mg,
9a118208-e8a4-4af2-bb3a-f0bf02649e75,,Neurontin 900mg,0c0563de-cd06-49de-8b31-af79d668b81b,1513AAAAAAAAAAAAAAAAAAAAAAAAAAAAAAAA,900mg,
84945f45-3a3c-4d57-bc34-b474cf7ad612,,Prevacid 15mg,6a5c3069-492d-4aa3-99a1-93497fb3d1c9,1513AAAAAAAAAAAAAAAAAAAAAAAAAAAAAAAA,15mg,
b73ac801-cf29-4e21-a2b2-a5288222d34c,,Prevacid 30mg,6a5c3069-492d-4aa3-99a1-93497fb3d1c9,1513AAAAAAAAAAAAAAAAAAAAAAAAAAAAAAAA,30mg,
5a244df6-7cee-44da-89b0-f9bf732ffbed,,Proscar 1mg,e2650794-cf62-4a1a-a678-0bcc3bf21323,1513AAAAAAAAAAAAAAAAAAAAAAAAAAAAAAAA,1mg,
1baa0c9d-5c1b-4673-bc8b-732c556c7c68,,Proscar 5mg,e2650794-cf62-4a1a-a678-0bcc3bf21323,1513AAAAAAAAAAAAAAAAAAAAAAAAAAAAAAAA,5mg,
7a4861ec-81ab-4989-95b6-df5a9bd16651,,Protonix 40mg,b3ed709f-f800-4ea9-bbba-f52c69ef0d86,1513AAAAAAAAAAAAAAAAAAAAAAAAAAAAAAAA,40mg,
e61b5364-5d97-40bd-9557-a555f232fc43,,Proventil 200mcg,445f380a-f693-4100-9c9a-e43b73635039,658c1b9c-51c8-4734-8bf2-80e750c7889f,200mcg,
b8655f3b-ec83-418a-b767-54c053fbd743,,Proventil 400mcg,445f380a-f693-4100-9c9a-e43b73635039,658c1b9c-51c8-4734-8bf2-80e750c7889f,400mcg,
c9544877-0a60-462f-9b7c-c8bb57380831,,Pulmicort Flexhaler 180mcg,7e31f224-d756-41e6-9fd0-eb5ce3985460,658c1b9c-51c8-4734-8bf2-80e750c7889f,180mcg,
70e97a3d-0084-400a-aace-50b50dc04ed4,,Pulmicort Flexhaler 360mcg,7e31f224-d756-41e6-9fd0-eb5ce3985460,658c1b9c-51c8-4734-8bf2-80e750c7889f,360mcg,
bc56515a-cfb0-4dcd-a6e6-351e3bf1154c,,Saline flush 0.9%,f7977809-0fbe-47a4-8905-e375bcb31f3f,90a3f930-2eef-4a2e-8427-5359607c7b13,0.90%,
cd228fc7-699d-4d47-a11f-9e72c8e940f1,,Spiriva HandiHaler 18mcg,33bf57ae-526a-469f-8e88-a2fd07bd9da9,658c1b9c-51c8-4734-8bf2-80e750c7889f,18mcg,
88b343c0-a9e9-4b45-b57e-cc7014ab7f34,,Sulfacetamide 0.1,516e7c1e-9019-4c19-a853-862e4a8fd8c1,90a3f930-2eef-4a2e-8427-5359607c7b13,10%,
07a5d160-973c-422b-89db-9aeddd8d70a1,,Voltaren 1%,eac72f49-5761-42bd-94f5-d2ea19810bd1,0689bb6e-9371-4a0f-ad1c-63c135b1714d,1%,
d6f041d9-cf9b-4208-87fa-355a4ef6fcaa,,Zofran 8mg,6ff87358-869f-4756-b74d-dda05de51848,1513AAAAAAAAAAAAAAAAAAAAAAAAAAAAAAAA,8mg,
3cff7277-8c40-40fe-bdee-79c04376447b,,Zyrtec 10mg,dfeb53e9-4253-42fc-8f6e-edc6213c9515,1513AAAAAAAAAAAAAAAAAAAAAAAAAAAAAAAA,10mg,
1f00446e-7247-4c01-88b3-8ca215e29e23,,Zyrtec 1mg/1ml,dfeb53e9-4253-42fc-8f6e-edc6213c9515,94ecbbb3-71b7-407b-bac4-3279abbf1b69,1mg/1ml,
2c9027fa-3723-491c-bbed-8989f0d4dabe,,Acetasol 1%+2%,3332a02d-c154-45e8-ae0a-b9d36c899770,90a3f930-2eef-4a2e-8427-5359607c7b13,1%+2%,
c6f97741-1f9c-4b25-8af1-dcf3fe720d7a,,Bactoclav 500mg+125mg,dbd7f53b-ea41-4cdd-bfe1-32d47536b469,1513AAAAAAAAAAAAAAAAAAAAAAAAAAAAAAAA,500mg+125mg,
cd280c73-ebfd-4213-8706-3ebce0019156,,Breo 100mcg+25mcg,39aee96f-314c-4535-a249-171b4191b70f,658c1b9c-51c8-4734-8bf2-80e750c7889f,100mcg+25mcg,
e153441b-af4a-4fcf-aa7f-3bc2419520fa,,Breo 200mcg+25mcg,39aee96f-314c-4535-a249-171b4191b70f,658c1b9c-51c8-4734-8bf2-80e750c7889f,200mcg+25mcg,
3ac7c011-1168-4eb6-b071-6ee11d1e2b24,,Combivent 18mcg+103mcg,36b65481-8912-496e-b26a-10da10cd1d4e,658c1b9c-51c8-4734-8bf2-80e750c7889f,18mcg+103mcg,
c5551705-ce62-4054-97e1-7eba697c0b77,,Malarone 1g+400mg,5a2b62f9-6254-4ef1-925b-0224f8dfefb1,1513AAAAAAAAAAAAAAAAAAAAAAAAAAAAAAAA,1g+400mg,
6bea54c9-97d5-4a9b-90fe-ee5ac2a9dd1c,,Malarone 250mg+100mg,5a2b62f9-6254-4ef1-925b-0224f8dfefb1,1513AAAAAAAAAAAAAAAAAAAAAAAAAAAAAAAA,250mg+100mg,
0ade342f-abe3-4195-bcf4-16e2b502da26,,Proventil 2.5mg,445f380a-f693-4100-9c9a-e43b73635039,658c1b9c-51c8-4734-8bf2-80e750c7889f,2.5mg,
b5b194a3-efc9-47b0-8406-db87092c23e2,,Rapidal Plus 162.5mg+100mg,46a9fa37-d6f2-4f72-8a16-c1a76008f508,94ecbbb3-71b7-407b-bac4-3279abbf1b69,162.5mg+100mg,
4eb11496-3275-4087-ab5c-b1e4ea885e99,,Acide Folique Co 5mg,9486be67-f05f-44a3-8962-0746f0904f1b,1513AAAAAAAAAAAAAAAAAAAAAAAAAAAAAAAA,5mg,
123c4342-552a-4db9-bb0b-a7d0bd2e5849,,Acyclovir Co 400mg,783aff6f-c427-4511-8df4-872b87fad050,1513AAAAAAAAAAAAAAAAAAAAAAAAAAAAAAAA,400mg,
45aaf344-e567-4716-be52-4a7a642305c1,,Acyclovir Sirop 200mg,783aff6f-c427-4511-8df4-872b87fad050,94ecbbb3-71b7-407b-bac4-3279abbf1b69,200mg,
a74fe93c-b023-4159-8bd6-5d40a0909636,,Acyclovir creme 3%,783aff6f-c427-4511-8df4-872b87fad050,0689bb6e-9371-4a0f-ad1c-63c135b1714d,3%,
22269776-0866-4d7f-b4f6-901d31531f83,,Acyclovir ophtalmique 5%,783aff6f-c427-4511-8df4-872b87fad050,0689bb6e-9371-4a0f-ad1c-63c135b1714d,5%,
77addc86-5036-4a82-b722-826635e1ce0b,,Adrenaline Injection 1mg,d770fc0a-1482-4078-b0cd-9a91d9afe0e5,bd1b2599-84d2-4f33-ba25-4f6d42d147a5,1mg,
37302e59-9824-4ec3-a8f7-6b491a5ee183,,Albendazole Co 400mg,8f668b49-584f-4cba-b0f2-817a8aaf50c4,1513AAAAAAAAAAAAAAAAAAAAAAAAAAAAAAAA,400mg,
7bf6328a-4194-484e-846f-a98bd41634e8,,Albendazole Sirop 400mg/10ml,8f668b49-584f-4cba-b0f2-817a8aaf50c4,94ecbbb3-71b7-407b-bac4-3279abbf1b69,400mg/10ml,
39a96958-781f-4d84-a9e8-56f6dfbf9061,,Albuterol Inhalation 2.5mg/3ml,445f380a-f693-4100-9c9a-e43b73635039,658c1b9c-51c8-4734-8bf2-80e750c7889f,2.5mg/3ml,
c3fb68d0-ba3d-4b94-bcb8-b2286d9b0358,,Alpha Métyl Dopa Co 250mg,84bb5c70-878b-45c3-96e7-3282e4121e02,1513AAAAAAAAAAAAAAAAAAAAAAAAAAAAAAAA,250mg,
58a9f6d0-1092-4c9c-b195-fbd7e43b39dd,,Aminovit Gtts,e0cf9a43-ec8a-4b41-a856-688983c1a974,94ecbbb3-71b7-407b-bac4-3279abbf1b69,,
1eebc619-5593-44be-9057-041df86b06ae,,Amoxycilline Sirop 125mg,627a6041-ad81-4968-8adf-2f49aec4433b,94ecbbb3-71b7-407b-bac4-3279abbf1b69,125mg,
d879219a-a74d-4a4a-a893-ebeb5594c629,,Amoxycilline Co 500mg,627a6041-ad81-4968-8adf-2f49aec4433b,1513AAAAAAAAAAAAAAAAAAAAAAAAAAAAAAAA,500mg,
a0f54b5b-0eda-49aa-82be-3634df0de78f,,Ampiciline Injection vial 1g,f9f69437-669d-4a3e-930b-b36994a2f9d4,bd1b2599-84d2-4f33-ba25-4f6d42d147a5,vial 1g,
c3e48c79-8b02-4442-9480-8f656a353b89,,Othorinol Gouttes 30mg,07470e7f-f959-4344-89f6-8e6a0f442bef,90a3f930-2eef-4a2e-8427-5359607c7b13,30mg,
8e89914e-560b-4ac1-851c-ffeb54cb677f,,Apetamine Sirop,66de98f3-03e1-4733-9534-1f59dee19429,94ecbbb3-71b7-407b-bac4-3279abbf1b69,,
a42089dd-e91e-49a3-8c17-8571f2e5a404,,Apressoline Injection vial 20mg,a6ba4400-1db2-4d47-854f-3342204995ba,bd1b2599-84d2-4f33-ba25-4f6d42d147a5,vial 20mg,
02dd2a8e-1a8f-49cb-bc06-daf9e1af16ba,,Aspirine Co 81mg,71617AAAAAAAAAAAAAAAAAAAAAAAAAAAAAAA,1513AAAAAAAAAAAAAAAAAAAAAAAAAAAAAAAA,81mg,
dae4050d-c309-4a20-a62e-e84d192e1e87,,Atenolol Co 50mg,316441ec-c0fd-44bc-a040-c68f4da8d228,1513AAAAAAAAAAAAAAAAAAAAAAAAAAAAAAAA,50mg,
4f93c00b-cf6e-48a1-b1da-ab3551915e25,,Bebe Sirop,ca2598c9-64d9-475a-b506-b6cc81741a61,94ecbbb3-71b7-407b-bac4-3279abbf1b69,,
c872abc2-47ed-4eb2-bd6e-b6dbf6d6a95f,,Benzyl Benzoate Lotion 25%,1b296ced-55cc-48b7-96c3-9447267d1302,32b26cbd-818c-453c-8649-1cdc62e50d41,25%,
3f9e7636-7443-45bf-a3fb-fd0530d3d43a,,Bromexhine Sirop 4mg/5ml,7736310e-38d7-4a06-804b-086874b76876,94ecbbb3-71b7-407b-bac4-3279abbf1b69,4mg/5ml,
1d153d70-219e-4683-96c2-c1337a2eea85,,Calamine lotion,d08ec8fe-2d91-489f-a416-16af0a043b0b,32b26cbd-818c-453c-8649-1cdc62e50d41,,
1483054c-f2e7-499c-adf2-7c9a51ccc055,,Captopril Co 25mg,f5e348b5-ecd5-47cf-9a37-78e7ef08978d,1513AAAAAAAAAAAAAAAAAAAAAAAAAAAAAAAA,25mg,
da1aafd5-78a3-4848-8057-63a424b0aead,,Chloroquine Sirop 25mg/5ml,b48e38a8-b121-4cdf-91b9-469acd99273b,94ecbbb3-71b7-407b-bac4-3279abbf1b69,25mg/5ml,
588c4abc-3b4b-43c8-a55f-5e80b2c90f1e,,Chloroquine Co 250mg,b48e38a8-b121-4cdf-91b9-469acd99273b,1513AAAAAAAAAAAAAAAAAAAAAAAAAAAAAAAA,250mg,
9b305550-beb8-4c7b-a800-caab72438430,,Ciprofloxacin Co 500mg,a5a5aaf1-541e-4ca6-9753-bd4b0e479f81,1513AAAAAAAAAAAAAAAAAAAAAAAAAAAAAAAA,500mg,
ee3e761a-3d43-4c51-98a3-cc2bd94946b6,,Clarithromycine Co 500mg,a4391c57-549b-4047-8971-c3fa72e140b5,1513AAAAAAAAAAAAAAAAAAAAAAAAAAAAAAAA,500mg,
1a2354cb-3a85-4af9-8f36-d5146bda46a1,,Cloxacilline Co 500mg,1b535529-68fb-4bb5-bb5a-202ec74efb1d,1513AAAAAAAAAAAAAAAAAAAAAAAAAAAAAAAA,500mg,
ea44b958-6805-40ad-a6e3-7b67aa2fe0d1,,Cloxacilline Sirop 250mg/5ml,1b535529-68fb-4bb5-bb5a-202ec74efb1d,94ecbbb3-71b7-407b-bac4-3279abbf1b69,250mg/5ml,
1cd391d8-ed72-4c61-a203-faf40bee6921,,Augmentin Co 625mg,a4615855-e041-4352-baae-339940d274f7,1513AAAAAAAAAAAAAAAAAAAAAAAAAAAAAAAA,625mg,
f0ab1781-bf08-4c5e-9b32-2d51e1d5a38c,,Bactoclav Sirop 312.5mg,a4615855-e041-4352-baae-339940d274f7,94ecbbb3-71b7-407b-bac4-3279abbf1b69,312.5mg,
eb4fedd3-154d-43f8-ad6c-d89930b1e175,,Dexamethasone Injection vial 8mg,e4a0426a-4235-416d-8089-84ae113808d6,bd1b2599-84d2-4f33-ba25-4f6d42d147a5,vial 8mg,
ec535874-98d9-463c-a12a-42fa070c2f22,,Dextrose Normal Saline 0.9%,8f29cfad-b34f-463b-b4f8-9ea56e4ea9d3,90a3f930-2eef-4a2e-8427-5359607c7b13,0.90%,
3bc9e3a2-c85a-488b-b9a7-8e5fcafe2f81,,Dextrose Normal Saline 0.45%,8f29cfad-b34f-463b-b4f8-9ea56e4ea9d3,90a3f930-2eef-4a2e-8427-5359607c7b13,0.45%,
f6438215-66a1-4e8f-a57a-b747981fd8f6,,Dextrose Water 5%,49be9771-c89d-4b0d-a03c-ecd6283f0caa,90a3f930-2eef-4a2e-8427-5359607c7b13,5%,
f8e266ec-24c9-4f64-89b0-33f1a052bd57,,Dextrose Water 10%,49be9771-c89d-4b0d-a03c-ecd6283f0caa,90a3f930-2eef-4a2e-8427-5359607c7b13,10%,
0e8496ea-c8f7-4f08-abef-994e3c3243a2,,Diazepam Co 5mg,eab2bb93-b2d1-42ef-817e-1b47d79d76db,1513AAAAAAAAAAAAAAAAAAAAAAAAAAAAAAAA,5mg,
2dca268b-fdb8-42f2-85eb-73a884c020ce,,Diazepam Injection vial 5mg,eab2bb93-b2d1-42ef-817e-1b47d79d76db,bd1b2599-84d2-4f33-ba25-4f6d42d147a5,vial 5mg,
7bedc809-05bd-4baf-bd4b-5a21d9e48a01,,Diclofenac Co 50mg,391d02a4-2640-4d7b-900f-f74de8e1b6ed,1513AAAAAAAAAAAAAAAAAAAAAAAAAAAAAAAA,50mg,
2832337e-3ef1-47fa-8a46-2bc6e9910353,,Diclofenac Injection vial 75mg,391d02a4-2640-4d7b-900f-f74de8e1b6ed,bd1b2599-84d2-4f33-ba25-4f6d42d147a5,vial 75mg,
62ee5947-bf62-4a42-8c07-0f939f766afe,,Dolex Pommade,b50b13e1-4188-447d-8fbc-bd29fb91daa3,44fc6700-a545-419e-a6b3-b882b6fc455c,,
c6f2a3cb-b57f-4537-a179-ea0764d38690,,Doxicycline Co 100mg,b571adbe-388f-4219-be01-343738d3ed80,1513AAAAAAAAAAAAAAAAAAAAAAAAAAAAAAAA,100mg,
33558e37-627d-475f-b18f-5e5baf0ac0a6,,Dyphenhydramine Co 25mg,1d4d3f02-ccf9-4c9e-b321-486b75c50924,1513AAAAAAAAAAAAAAAAAAAAAAAAAAAAAAAA,25mg,
a377a5e6-0992-46c5-b5b0-5e3aafa27e16,,Dyphenhydramine Sirop 12.5mg/5ml,1d4d3f02-ccf9-4c9e-b321-486b75c50924,94ecbbb3-71b7-407b-bac4-3279abbf1b69,12.5mg/5ml,
3e3c72db-491c-4690-be8b-1f2528fa3266,,Dyphenhydramine Injection vial 20mg,1d4d3f02-ccf9-4c9e-b321-486b75c50924,bd1b2599-84d2-4f33-ba25-4f6d42d147a5,vial 20mg,
f3a1a212-12bc-43bd-b03f-73aeaac1379e,,Dypirone Inj vial 1g,ec4cfcae-c438-48fb-b2e5-e696d7172270,bd1b2599-84d2-4f33-ba25-4f6d42d147a5,vial 1g,
38978734-0960-4c7d-bb1e-725532bc4c6a,,Enalapril Co 10mg,d612ddcc-9d3b-4489-97e1-22893c9735df,1513AAAAAAAAAAAAAAAAAAAAAAAAAAAAAAAA,10mg,
872c01c8-e9c9-478f-b2f6-87acf661ab6c,,Ergotamine Injection 2mg,5f9d24b2-ac16-40eb-be4c-ab16af8f8faa,bd1b2599-84d2-4f33-ba25-4f6d42d147a5,2mg,
cbbc7d55-db59-4ea3-9f3b-d3709b1bb82d,,Erythromicine Co 500mg,bbd3baa3-64bc-443d-b794-d684b413d7dd,1513AAAAAAAAAAAAAAAAAAAAAAAAAAAAAAAA,500mg,
74c26d25-3b98-4bf7-b962-3de028b352a7,,Erythromicine Sirop 125mg,bbd3baa3-64bc-443d-b794-d684b413d7dd,94ecbbb3-71b7-407b-bac4-3279abbf1b69,125mg,
2b05efc6-833d-4718-9e39-6aab785cbfce,,Fer Up Sirop,d49e1658-7a16-41d2-8937-4c785a8f6d4b,94ecbbb3-71b7-407b-bac4-3279abbf1b69,,
114d5a9f-f369-4976-9eb7-1f78050c6a9b,,Fer Folate Co,d1274833-6c0e-480c-9c0a-b656156e6e7f,1513AAAAAAAAAAAAAAAAAAAAAAAAAAAAAAAA,,
a67aaa3a-0e89-4bb7-abf0-54eb6edbecad,,Globugen Sirop,d1274833-6c0e-480c-9c0a-b656156e6e7f,94ecbbb3-71b7-407b-bac4-3279abbf1b69,,
2f76266a-a841-4147-9401-c6b8409b8ccc,,Fluconazole Co 150mg,32d6f1a8-7a0d-46f7-845a-84e3a27e686e,1513AAAAAAAAAAAAAAAAAAAAAAAAAAAAAAAA,150mg,
824dcc1b-27b7-459c-8f41-026b3af8dbe4,,Fongobacter Rince Bouche,f83db0a5-cf84-4d4e-a3bc-32eff500c578,90a3f930-2eef-4a2e-8427-5359607c7b13,,
109ca9ff-5a43-42bd-b039-ba08c683ebb5,,Furosemide Injection vial 20mg,9f6c3927-2a31-485c-8735-f10b9951aef9,bd1b2599-84d2-4f33-ba25-4f6d42d147a5,vial 20mg,
eff805bf-db0e-4adf-9a3d-9a5039083016,,Furosemide Co 40mg,9f6c3927-2a31-485c-8735-f10b9951aef9,1513AAAAAAAAAAAAAAAAAAAAAAAAAAAAAAAA,40mg,
f8b1ef4c-66b6-4520-addc-ee58dd011c65,,Gastrogel Sirop,d00fa604-4fe6-445d-81e9-7ae4aff8341f,94ecbbb3-71b7-407b-bac4-3279abbf1b69,,
0113c442-4959-430d-a389-8cbafa2b8733,,Dextrose D50,49be9771-c89d-4b0d-a03c-ecd6283f0caa,90a3f930-2eef-4a2e-8427-5359607c7b13,D50,
80143eee-aad0-42bc-885c-7b84fa9d9f44,,Glybenclamide Co 5mg,c1131909-2911-4aa2-8b6c-ae7927f0ee90,1513AAAAAAAAAAAAAAAAAAAAAAAAAAAAAAAA,5mg,
a491df48-4a2f-4f4a-a1b0-8bde19af5fb3,,Griséofulvine Sirop 125mg,c9c0c627-7ba6-4880-a702-cfc985a296fa,94ecbbb3-71b7-407b-bac4-3279abbf1b69,125mg,
d07d5371-355c-4c61-9469-3f354f7edd5e,,Hydrocortisone creme 1%,a2956625-0a07-48b7-9344-3cb707dcd542,0689bb6e-9371-4a0f-ad1c-63c135b1714d,1%,
baa212eb-23a2-43c4-b2ac-badf95eac406,,Hydrocortisone Injection vial 100mg,a2956625-0a07-48b7-9344-3cb707dcd542,bd1b2599-84d2-4f33-ba25-4f6d42d147a5,vial 100mg,
daf6e832-5615-44ce-a512-6f1c239245d9,,Hyoscine Butylbromide Injection vial 20mg,44dbd31a-7c2d-422d-b584-004532e4aaff,bd1b2599-84d2-4f33-ba25-4f6d42d147a5,vial 20mg,
f05dd6ca-43d0-45ea-93ef-8d82483bbdc9,,Ibuprofene Co 400mg,ff5cdb18-0258-4467-bf1f-35c7b6339767,1513AAAAAAAAAAAAAAAAAAAAAAAAAAAAAAAA,400mg,
3b3e2029-84c4-4472-85b4-a1f1af0885b6,,Insuline R 100UI/1ml,aee5f376-e00c-46f3-83ef-3759e54f85a1,bd1b2599-84d2-4f33-ba25-4f6d42d147a5,100UI/1ml,
5b420f3b-7584-4934-b457-91d6f94ff6b7,,Ketoconazole Co 200mg,73e9e187-7164-4e0a-bb36-0a7178406288,1513AAAAAAAAAAAAAAAAAAAAAAAAAAAAAAAA,200mg,
aa42752c-af45-449c-ae9f-30c6e272cee4,,Ketoconazole Shampooing 2%,73e9e187-7164-4e0a-bb36-0a7178406288,90a3f930-2eef-4a2e-8427-5359607c7b13,2%,
92247357-ccd3-4f83-9362-f40a103f4cd4,,Ketoconazole creme 2%,73e9e187-7164-4e0a-bb36-0a7178406288,0689bb6e-9371-4a0f-ad1c-63c135b1714d,2%,
c00019ed-8b20-4445-891e-6de8fd9e6d33,,Ketoconazole Savon 2%,73e9e187-7164-4e0a-bb36-0a7178406288,90a3f930-2eef-4a2e-8427-5359607c7b13,2%,
5360f695-a3e2-4593-9426-69ef43781877,,Losartan Co 5mg,502a66e9-2eb3-4e13-926f-57fe9d393a94,1513AAAAAAAAAAAAAAAAAAAAAAAAAAAAAAAA,5mg,
b35c87c8-fb39-4ca4-aae9-0986349c5eaf,,MGSO4 25%,0bdba7cc-fcd1-41e1-8f79-6407d2835a78,bd1b2599-84d2-4f33-ba25-4f6d42d147a5,25%,
7a563628-d9c4-4a25-8193-207199051785,,Metoclopramide Co 10mg,fa2a3b41-e500-45cd-8f93-e7d77d5db398,1513AAAAAAAAAAAAAAAAAAAAAAAAAAAAAAAA,10mg,
66319a6e-d296-4929-b7ed-b2ff8e108bc9,,Metoclopramide Injection vial 10mg,fa2a3b41-e500-45cd-8f93-e7d77d5db398,bd1b2599-84d2-4f33-ba25-4f6d42d147a5,vial 10mg,
2421535d-e55e-4fa0-9dd5-039d8a63ed6a,,Metoclopramide Sirop 5mg/5ml,fa2a3b41-e500-45cd-8f93-e7d77d5db398,94ecbbb3-71b7-407b-bac4-3279abbf1b69,5mg/5ml,
1ea6b0b2-25d7-4279-b4ee-ccbacd60d17a,,Metoprolol Co 50mg,7dc18dde-ad3f-405a-be1e-8fc15a01cd91,1513AAAAAAAAAAAAAAAAAAAAAAAAAAAAAAAA,50mg,
c554ffb2-5706-4623-a89a-008366cd564c,,Flagyl 250mg,f9608d19-a304-4508-9074-4858cd3ccbed,1513AAAAAAAAAAAAAAAAAAAAAAAAAAAAAAAA,250mg,
edc8ef37-594e-48e9-83e9-7b7c5e6fc3be,,Metronidazole,79782AAAAAAAAAAAAAAAAAAAAAAAAAAAAAAA,1513AAAAAAAAAAAAAAAAAAAAAAAAAAAAAAAA,,
24de32d2-6d1f-4e53-b047-93e6729228c4,,Metronidazole 250mg,79782AAAAAAAAAAAAAAAAAAAAAAAAAAAAAAA,1513AAAAAAAAAAAAAAAAAAAAAAAAAAAAAAAA,250mg,
5690d13c-595b-4e29-bc7f-711afc8e7a16,,Metronidazole Co 500mg,f9608d19-a304-4508-9074-4858cd3ccbed,1513AAAAAAAAAAAAAAAAAAAAAAAAAAAAAAAA,500mg,
1f17613f-0e53-4609-9856-558ed43e085d,,Metronidazole Sirop 250mg,f9608d19-a304-4508-9074-4858cd3ccbed,94ecbbb3-71b7-407b-bac4-3279abbf1b69,250mg,
c933dc30-36f6-471f-bca6-53d8a682dce1,,Metronidazole et Nystatin Ovules Vaginales 500mg+100000UI,f9608d19-a304-4508-9074-4858cd3ccbed,1513AAAAAAAAAAAAAAAAAAAAAAAAAAAAAAAA,500mg+100000UI,
2b6dca2c-1499-4724-8648-42d996a57c6d,,Tilvit Sirop,8a52cbaf-7303-44a8-ba47-976c4104f9d7,94ecbbb3-71b7-407b-bac4-3279abbf1b69,,
25dc03a6-b2ca-46d5-8121-43ab025b3e9c,,Neomycine creme 5m/g,dee29eca-5758-4d7f-a98d-9a20551aaac3,0689bb6e-9371-4a0f-ad1c-63c135b1714d,5m/g,
057862ef-9fe0-40c8-8955-3149b25c4a70,,Nifedipine Co 20mg,251a17f9-c229-4aee-9555-9bf7620b2a5a,1513AAAAAAAAAAAAAAAAAAAAAAAAAAAAAAAA,20mg,
31fe8ffe-3a78-435c-81b2-153fa11deb32,,Normal Saline 0.9%,cc4a27b0-78cb-4d3d-9c85-51f4a06d1f4a,90a3f930-2eef-4a2e-8427-5359607c7b13,0.90%,
5650eb5e-97e5-45ed-8b61-46920d3bbc43,,Normal Saline 0.45%,cc4a27b0-78cb-4d3d-9c85-51f4a06d1f4a,90a3f930-2eef-4a2e-8427-5359607c7b13,0.45%,
17e9b385-de8b-4d60-a7de-c37cbe2a3d1c,,Gouttes Nasale 0.9%,cc4a27b0-78cb-4d3d-9c85-51f4a06d1f4a,90a3f930-2eef-4a2e-8427-5359607c7b13,0.90%,
e5574e71-17ea-434f-8649-eba766be4087,,Nystatin creme vaginale 100000UI/g,984a9a0b-13f6-4bb4-b55d-c51d5ce225c9,0689bb6e-9371-4a0f-ad1c-63c135b1714d,100000UI/g,
9e1837cf-0e08-41b0-90c0-11bdd0c4c046,,Nystatin Sirop 100000UI,984a9a0b-13f6-4bb4-b55d-c51d5ce225c9,94ecbbb3-71b7-407b-bac4-3279abbf1b69,100000UI,
c10cc9b5-c1ec-4d73-9192-9dc6b40e16f9,,Omeprazole Co 20mg,df3f7c1f-dac8-429b-ba38-90d770c1253c,1513AAAAAAAAAAAAAAAAAAAAAAAAAAAAAAAA,20mg,
d16da6ff-03e6-49d3-998c-c4c0e77d811f,,Otocare Gouttes,a86aa3b5-1e6e-4eb0-bc3c-e564d60eb490,90a3f930-2eef-4a2e-8427-5359607c7b13,,
78e814ac-0974-41cc-8283-4487ccf32370,,Prednisone Co 5mg,8d27dba5-b2ee-4f02-acb7-49e63267cdfe,1513AAAAAAAAAAAAAAAAAAAAAAAAAAAAAAAA,5mg,
57b30902-bce2-4279-ac22-b6d3fe5a4308,,Primaquine Sirop,2e873fde-66b3-41b4-bdb7-1c29c8d5e1cf,94ecbbb3-71b7-407b-bac4-3279abbf1b69,,
7a1398d1-4667-4123-8633-db03f53299c2,,Primaquine Co 7.5mg,2e873fde-66b3-41b4-bdb7-1c29c8d5e1cf,1513AAAAAAAAAAAAAAAAAAAAAAAAAAAAAAAA,7.5mg,
01999b32-4e32-4a7b-92b9-515185f60e21,,Ranitidine Injection vial 50mg,4c187e9c-3623-4763-94b4-86426e6a447f,bd1b2599-84d2-4f33-ba25-4f6d42d147a5,vial 50mg,
79c12ca2-0755-4bf4-b509-8c72239536f9,,Ringer Lactate,b368b7f7-f87b-4414-9537-1f6bee82e448,90a3f930-2eef-4a2e-8427-5359607c7b13,,
3099b446-010e-426a-ba02-bf62f1077f2e,,Salbutamol Pompe,9088359a-587f-4dbc-b13e-b3c38a07cd85,658c1b9c-51c8-4734-8bf2-80e750c7889f,,
0f4627ca-7bb4-414f-a07e-5d24c0d3a442,,Salbutamol Co 4mg,9088359a-587f-4dbc-b13e-b3c38a07cd85,1513AAAAAAAAAAAAAAAAAAAAAAAAAAAAAAAA,4mg,
d39b535c-9a32-49c1-b339-e512d811c44d,,Salbutamol Sirop 2mg/5 ml,9088359a-587f-4dbc-b13e-b3c38a07cd85,94ecbbb3-71b7-407b-bac4-3279abbf1b69,2mg/5ml,
13b68d05-a6c1-43ac-ae12-a68eb8459ab6,,Di-Gas Gtts 40mg,3fc5c46f-9c31-46ef-b96e-a12216f93a62,90a3f930-2eef-4a2e-8427-5359607c7b13,40mg,
e5e8b45b-83db-4a9d-8cd4-398c4e8081fa,,Simvastatin Co 20mg,3cba8193-4ffd-4cc3-828b-3269da016da5,1513AAAAAAAAAAAAAAAAAAAAAAAAAAAAAAAA,20mg,
18ce1953-f81d-4443-8b81-c3ec6d891767,,Sorbacid Sirop 375mg,0f57f6ea-d4bf-4291-98a0-81eacbb8b49f,94ecbbb3-71b7-407b-bac4-3279abbf1b69,375mg,
3171aeb3-5475-4ea2-b662-531f0c732716,,Ophtalmide Gouttes,516e7c1e-9019-4c19-a853-862e4a8fd8c1,90a3f930-2eef-4a2e-8427-5359607c7b13,,
bebc4d5f-df7b-485a-9b3b-3420f536cb6f,,Cotrim Co 960mg,becdbefb-d88b-4a21-affa-46a2c5dbdbdb,1513AAAAAAAAAAAAAAAAAAAAAAAAAAAAAAAA,960mg,
bed41e87-9cfc-4d1f-9b44-c23732e6c162,,Cotrim Sirop 240mg/5ml,becdbefb-d88b-4a21-affa-46a2c5dbdbdb,94ecbbb3-71b7-407b-bac4-3279abbf1b69,240mg/5ml,
a8c6dff1-2d10-4002-8adc-f9a1a86b611a,,Tetracycline,84893AAAAAAAAAAAAAAAAAAAAAAAAAAAAAAA,1513AAAAAAAAAAAAAAAAAAAAAAAAAAAAAAAA,,
fa34b226-60bf-4597-8047-72e2b5ef549b,,Tetracycline 500mg,84893AAAAAAAAAAAAAAAAAAAAAAAAAAAAAAA,1513AAAAAAAAAAAAAAAAAAAAAAAAAAAAAAAA,500mg,
ff3576e9-5c64-432a-9cc4-de46e808a290,,Tetracycline Ophtalmique,98b66058-5de5-4a1e-85ef-ec981bee6ad3,0689bb6e-9371-4a0f-ad1c-63c135b1714d,,
80aded9f-32f0-4d5d-800c-043508f65ad8,,Trazidex Onguent Ophtalmique,587a6e6e-3675-4c92-bac0-a5c99ce1425e,0689bb6e-9371-4a0f-ad1c-63c135b1714d,,
85000244-5a6c-4ad5-98c1-49f7eaf69fc5,,Tramadol Injection vial 100mg,34daf0c8-739f-4649-9d96-b45a32a233d6,bd1b2599-84d2-4f33-ba25-4f6d42d147a5,vial 100mg,
1f543777-ea62-4cd5-b0b8-76edfca2b736,,Virufen forte Sirop,8836eada-b012-423d-bb77-e4da796f5885,94ecbbb3-71b7-407b-bac4-3279abbf1b69,,
c5e1437f-e7d9-4016-8ceb-ce70056b6c8e,,Vitamin C Co 500mg,b7bab21f-5d84-4e48-b056-bdc25e696365,1513AAAAAAAAAAAAAAAAAAAAAAAAAAAAAAAA,500mg,
ac6c90a6-1070-4ef7-a24a-8a668367b1fa,,Vitamin C Sirop 500mg/5ml,b7bab21f-5d84-4e48-b056-bdc25e696365,94ecbbb3-71b7-407b-bac4-3279abbf1b69,500mg/5ml,
85580d71-7bef-415c-8b88-4168285ace82,,Vitamin C Gouttes 100mg/ml,b7bab21f-5d84-4e48-b056-bdc25e696365,90a3f930-2eef-4a2e-8427-5359607c7b13,100mg/ml,
af3fce1f-dcb1-4f76-ad4c-b8ebda43070c,,Vitamine B-Complex Injection,836b7f4c-9e3c-4a53-bb08-ab8990b5b9d8,bd1b2599-84d2-4f33-ba25-4f6d42d147a5,,
481e357d-6c45-4c8a-beec-6d8f858f2552,,Vitamine B-Complex Co,836b7f4c-9e3c-4a53-bb08-ab8990b5b9d8,1513AAAAAAAAAAAAAAAAAAAAAAAAAAAAAAAA,,
8a54b957-8c4d-4ab6-9e42-575bf5b7be83,,Vitamin A,86339AAAAAAAAAAAAAAAAAAAAAAAAAAAAAAA,90a3f930-2eef-4a2e-8427-5359607c7b13,,
9eb0a661-f27b-472e-a35d-04dc1dba0860,,Mycrogynon 30,b2727136-70f5-470b-81a2-26aeff3f346f,1513AAAAAAAAAAAAAAAAAAAAAAAAAAAAAAAA,,
61444a80-77b6-4986-b9c1-07eab731ce28,,Microlut 30,71eb922d-5a51-415a-a838-8a815280abfa,1513AAAAAAAAAAAAAAAAAAAAAAAAAAAAAAAA,,
012f0f5d-c76e-4a28-8e60-30c440f5ff62,,Depo Provera,6533b40f-a783-435f-9c92-19d5e7343d98,bd1b2599-84d2-4f33-ba25-4f6d42d147a5,,
62a34f17-e83c-4dbc-b53b-9a7f9478501a,,RHEZ,c103ec05-577d-4f64-85ec-54c361895198,1513AAAAAAAAAAAAAAAAAAAAAAAAAAAAAAAA,,
667682cc-6731-4784-acdc-c7fb7c98d15a,,RH,606f9339-1430-4a00-8515-55095ef66c3b,1513AAAAAAAAAAAAAAAAAAAAAAAAAAAAAAAA,,
8ed5ecd9-afb3-48c4-8307-d5547afa9bd2,,Artermetherthumefantrine (4* 2) 24 tabs,8ddc347f-f37d-4325-aa19-65c65212f119,1513AAAAAAAAAAAAAAAAAAAAAAAAAAAAAAAA,,
e30762fb-ea06-4cc4-8817-2159bccaf303,,Artermetherthumefantrine (3*2) 18 tabs,8ddc347f-f37d-4325-aa19-65c65212f120,1513AAAAAAAAAAAAAAAAAAAAAAAAAAAAAAAA,,
4d09ef43-68a0-4f6d-9533-0214e02faf83,,Artermetherthumefantrine (2*2) 12 tabs,8ddc347f-f37d-4325-aa19-65c65212f121,1513AAAAAAAAAAAAAAAAAAAAAAAAAAAAAAAA,,
a7ce952b-0e3f-467a-a671-745eb059f17d,,Artermetherthumefantrine (1* 2) 6 tabs,8ddc347f-f37d-4325-aa19-65c65212f122,1513AAAAAAAAAAAAAAAAAAAAAAAAAAAAAAAA,,
902a376c-d60f-4f70-a64f-fd1538cc75aa,,Ascorbic acid 200 mg ,43b8076a-3ef2-429c-88f8-3f2909cbe11e,1513AAAAAAAAAAAAAAAAAAAAAAAAAAAAAAAA,200mg ,
6de4d697-9239-4a8d-95d3-5f660d756e8c,,Amox/clavulanic 625 mg ,8bf92a62-7089-4afd-88a8-ef4142b718ff,1513AAAAAAAAAAAAAAAAAAAAAAAAAAAAAAAA,625mg,
fce7e7fd-0560-4609-8d3c-e6514efb1d38,,Augmentin brand,8e19d638-112e-4381-904c-dbee448f9e7a,1513AAAAAAAAAAAAAAAAAAAAAAAAAAAAAAAA,,
e13750fd-af96-4788-932f-8c49ffd00437,,Clavin Brand,c33e10f3-e7fc-4b49-ae84-feba036bd5e9,1513AAAAAAAAAAAAAAAAAAAAAAAAAAAAAAAA,,
7a673f8e-f142-4560-b04e-4712631d4cf2,,Amoxlclav 1 mg  (clavulin brand),f284cd8f-af81-49af-b6e7-9ee6894cc274,1513AAAAAAAAAAAAAAAAAAAAAAAAAAAAAAAA,1mg,
0360f9e4-25c0-4911-b152-98f1db9c79a4,,Amoxclav 625 mg ,97566e54-00d2-41be-ab40-622f570725b3,1513AAAAAAAAAAAAAAAAAAAAAAAAAAAAAAAA,625mg ,
2e878546-f120-4da5-9266-73804a29278d,,Aldendazole 400 mg,fc86ce4c-b055-4be5-b219-e6bbb86b0eb6,1513AAAAAAAAAAAAAAAAAAAAAAAAAAAAAAAA,400mg,
b309e296-ac89-49c8-ba11-2ce093605b22,,Amitriptyline 25 mg,502f9292-97fc-488d-a75a-d060424039f7,1513AAAAAAAAAAAAAAAAAAAAAAAAAAAAAAAA,25mg,
9942a51e-7db7-4a81-8b1d-88f4c1c5cd78,,Amlodipine 5 mg ,e9207386-cb95-438a-8436-8cf1e5837077,1513AAAAAAAAAAAAAAAAAAAAAAAAAAAAAAAA,5mg ,
dd92f381-a014-45f5-8788-7a9a0e68b6ca,,Amlodipine + Nebivolol (Nebilong AM),64a9d255-0fc9-45f7-84cc-0d1c4e4d832e,1513AAAAAAAAAAAAAAAAAAAAAAAAAAAAAAAA,,
1921c019-9a7f-42af-99d4-e2d1793f2647,,Amlodipine + Nebivolol (Nebilong AM)/ Losartan(Amlozar),d00a87d0-e8ec-4b93-b48b-c6fe4d4abf15,1513AAAAAAAAAAAAAAAAAAAAAAAAAAAAAAAA,,
85072ccb-66a0-44ae-9c78-1aa281430978,,Allopurinol 300 mg ,044fd1b2-04dc-4254-9436-fad71af70699,1513AAAAAAAAAAAAAAAAAAAAAAAAAAAAAAAA,300mg ,
44e9d0a7-6d57-445c-8c9e-91b91f08c345,,Allopurinol 100 mg ,044fd1b2-04dc-4254-9436-fad71af70700,1513AAAAAAAAAAAAAAAAAAAAAAAAAAAAAAAA,100mg ,
1aa39a54-06c8-483c-a9e3-f52022805d99,,Aminosidine 250 mg,96ef651b-56c7-4cd7-bb65-8880dcecaa8e,1513AAAAAAAAAAAAAAAAAAAAAAAAAAAAAAAA,250mg,
7c13e67e-2979-4c04-993a-1067c87ac601,,Aminosidine 500 mg ,96ef651b-56c7-4cd7-bb65-8880dcecaa8e,1513AAAAAAAAAAAAAAAAAAAAAAAAAAAAAAAA,500mg ,
92f4f4d2-9747-4d19-9b2b-db41c6c37cec,,Amlozar H,02a4b852-4411-4083-b832-e962bf899d02,1513AAAAAAAAAAAAAAAAAAAAAAAAAAAAAAAA,,
f4b466bf-7ca5-4fb8-96fa-1fe798e12b37,,Azithromycin 250 mg ,7f5b54e0-491a-4b95-ae70-6e336b9725d4,1513AAAAAAAAAAAAAAAAAAAAAAAAAAAAAAAA,50mg,
88ce9962-6f58-4846-82f4-7796fc0faff8,,Azithromycin 500 mg ,7f5b54e0-491a-4b95-ae70-6e336b9725d5,1513AAAAAAAAAAAAAAAAAAAAAAAAAAAAAAAA,500mg,
2f6cafe0-c0c7-49d2-bda5-ada999a40591,,Augmentin Clavulin Brand 625 mg,9e6e513c-b9d3-48a5-8bde-2b665cdf51e1,1513AAAAAAAAAAAAAAAAAAAAAAAAAAAAAAAA,625mg,
dc416d7a-b784-40e9-9e9d-982f00e80f7c,,Augmentin Clavulin  Brand 1000 mg (1gm),9e6e513c-b9d3-48a5-8bde-2b665cdf51e2,1513AAAAAAAAAAAAAAAAAAAAAAAAAAAAAAAA,1000mg/(1gm),
3b1b9a8c-d9ef-4d58-9daf-bf1efbe7c008,,Augmentin,042a3f8c-4a5d-4146-9d75-037c411d65ba,1513AAAAAAAAAAAAAAAAAAAAAAAAAAAAAAAA,,
2c82c278-d84d-4945-b378-9e1fead7b6ec,,Amoxicillin 250 mg ,ca93ccd0-428d-414a-9487-e182c17e1bf4,1513AAAAAAAAAAAAAAAAAAAAAAAAAAAAAAAA,250mg ,
bb36a8d4-9235-41c6-bfe0-2e843aa5bf77,,Amoxicillin 500 mg ,ca93ccd0-428d-414a-9487-e182c17e1bf5,1513AAAAAAAAAAAAAAAAAAAAAAAAAAAAAAAA,500mg ,
6a844589-ff24-4f91-8bcd-f9ceaf5f0ef4,,Acyclovis 400 mg,1939e796-7cdc-4d13-a796-080da335d0ac,1513AAAAAAAAAAAAAAAAAAAAAAAAAAAAAAAA,400mg,
3d225e69-3497-490a-a20f-8d99e900879e,,Acyclovir 200 mg,1939e796-7cdc-4d13-a796-080da335d0ac,1513AAAAAAAAAAAAAAAAAAAAAAAAAAAAAAAA,200mg,
21b198f5-ccb8-4681-8fbd-53945cb5701d,,Asprin 75 mg,b7768ac2-ae79-44ce-a68f-4d8b77831a33,1513AAAAAAAAAAAAAAAAAAAAAAAAAAAAAAAA,75mg,
43554409-d8c6-4f18-8175-d337da3d9d76,,Amoxicillin 250 mg + flucloxacillin ,33c14525-b5da-484c-84bf-747756fec2e0,1513AAAAAAAAAAAAAAAAAAAAAAAAAAAAAAAA,250mg,
e62225c9-f3b6-4560-baf9-d14f5519b153,,Amox/clav 625 mg ,a868fd2e-7cae-410e-b8c1-6b8ce8ddd2bd,1513AAAAAAAAAAAAAAAAAAAAAAAAAAAAAAAA,625mg ,
485e8793-312e-432c-811b-24044d9314ee,,Activated charcoal ,477f8424-f7e3-47a4-bfce-9b4d0655bee7,1513AAAAAAAAAAAAAAAAAAAAAAAAAAAAAAAA,,
6a7a6769-71d6-4f16-95c8-8b0c51cc222b,,Atenolol 50 mg,487eb3ff-507e-4d62-b19d-e3f8dfd82197,1513AAAAAAAAAAAAAAAAAAAAAAAAAAAAAAAA,50mg,
a61d82a9-b624-44c3-a133-3101d47626f8,,Atrovastatin Calcium 10 mg,443bf423-092c-4c3a-95d5-f3f5547ece71,1513AAAAAAAAAAAAAAAAAAAAAAAAAAAAAAAA,10mg,
295bbef7-354d-4084-b4ba-163dff6b1a67,,Atrovastatin   20 mg,80287481-034d-4331-9fdd-9816629dc4c0,1513AAAAAAAAAAAAAAAAAAAAAAAAAAAAAAAA,20mg,
bc0aa696-d5ce-46fd-8ad5-5c3ab57ad9c2,,Brufen 200 mg ,76ddcda4-e93d-44bc-bb4d-af62a04fc275,1513AAAAAAAAAAAAAAAAAAAAAAAAAAAAAAAA,200mg,
a1b5e64d-6984-4d50-9505-ecb52108925f,,Brufen 300 mg ,76ddcda4-e93d-44bc-bb4d-af62a04fc276,1513AAAAAAAAAAAAAAAAAAAAAAAAAAAAAAAA,300mg ,
3400021c-94f2-4799-a793-d56c0abd9c55,,Brustan(Brufen +Paracetamol),5b1cce31-10b4-4313-a032-848807a85071,1513AAAAAAAAAAAAAAAAAAAAAAAAAAAAAAAA,,
8e9ea573-4bdf-4786-8210-4a4f3a5b9140,,Benzhexol hydrochroride 5 mg ,426b3c9c-b8aa-4ee6-a7fe-595f686ad796,1513AAAAAAAAAAAAAAAAAAAAAAAAAAAAAAAA,5mg,
80c32fc3-35a5-458c-bba7-04da27b9dbe2,,Bonium tablets,95625867-4a1f-43e2-9dfd-a56625c19332,1513AAAAAAAAAAAAAAAAAAAAAAAAAAAAAAAA,3mg,
970057e2-cd02-4436-9f24-9a3abe38672a,,Bisacodyl 5 mg,1444cd97-0bfe-4c5d-8006-f23b4800a7e8,1513AAAAAAAAAAAAAAAAAAAAAAAAAAAAAAAA,5mg,
9192f1dc-edf3-4aff-862b-3b2d17dae588,,Bromocriptine 2.5 mg ,271e10cf-e4be-4e4d-bc3d-855468dccc3e,1513AAAAAAAAAAAAAAAAAAAAAAAAAAAAAAAA,2.5mg,
82ec1f19-0da9-409e-9a63-1d903ada2385,,Bromazepam 3 mg,a078465a-3dcd-4dad-9db5-18aa43a679cc,1513AAAAAAAAAAAAAAAAAAAAAAAAAAAAAAAA,3mg,
343e7da1-b145-4705-a054-0804ade008df,,Carvedilol 12.5 mg,370de0e6-b4b9-4e0f-924e-3330486c8d80,1513AAAAAAAAAAAAAAAAAAAAAAAAAAAAAAAA,12.5mg,
350ccdb8-4dfa-4bfa-84d5-ae3bc9c8e1f3,,Carbemazepine (Neutotrol) 200 mg,a669188b-080f-4bb2-8074-95c52ee07883,1513AAAAAAAAAAAAAAAAAAAAAAAAAAAAAAAA,200mg,
710d5e63-bc13-4820-8716-04102c7ff250,,Carbimazole 5 mg,57f1fb6d-774f-4a96-87a5-a04395e87697,1513AAAAAAAAAAAAAAAAAAAAAAAAAAAAAAAA,5mg,
546cb5fa-c86c-4d26-96c7-85ee234f1cea,,Calcium tablets (Bonium tabs),041972c3-0d96-456a-a670-25e62f086a56,1513AAAAAAAAAAAAAAAAAAAAAAAAAAAAAAAA,,
cc2b2276-ae3c-49eb-b355-62fcc413539b,,Calcium + Vit D,11edbea7-6113-4dfd-9331-ddb24a28efd5,1513AAAAAAAAAAAAAAAAAAAAAAAAAAAAAAAA,,
af0de557-9315-4afe-a04a-df1bac9b62a6,,Celecoxib 200 mg,4ec61b08-dbb1-4281-a19c-21460c89d9a4,1513AAAAAAAAAAAAAAAAAAAAAAAAAAAAAAAA,200mg,
1cdeb777-f818-4abd-ae60-ae7eda43740a,,Cold flu,abb9207e-2143-4926-8b78-d4c2802ff7db,1513AAAAAAAAAAAAAAAAAAAAAAAAAAAAAAAA,,
7cec93c3-24c5-4312-adb3-0765ec210def,,Chlorophenamine 4mg (Piriton),12f7455b-fe30-4186-be0a-f7523ec487a9,1513AAAAAAAAAAAAAAAAAAAAAAAAAAAAAAAA,4mg,
dbeeb80d-8a2b-4ee8-86d3-9ecf002475b9,,Cetrizine 10 mg,3fc1b0b1-1351-4dba-a7db-25096bee1b54,1513AAAAAAAAAAAAAAAAAAAAAAAAAAAAAAAA,10mg,
f352f57e-6a95-4106-9451-9af4a4435e2b,,Clarithromycin 500 g,436219be-3f09-413a-9207-86db70f7897f,1513AAAAAAAAAAAAAAAAAAAAAAAAAAAAAAAA,500g,
d51aeb91-d5cd-4446-a251-b927fb5c3262,,Clefixime 400 mg,0f49d25f-2940-4fbb-a11a-8cec2633a834,1513AAAAAAAAAAAAAAAAAAAAAAAAAAAAAAAA,400mg,
cc7d1714-8dda-444a-8d11-fd3a2d332478,,Clefixime 200 mg,0f49d25f-2940-4fbb-a11a-8cec2633a835,1513AAAAAAAAAAAAAAAAAAAAAAAAAAAAAAAA,200mg,
34eccb69-85d8-4b92-8bac-6d1ec943badd,,Cefuroxime 500 mg,81fbfe82-b21e-4c18-9e0b-7718b62b012e,1513AAAAAAAAAAAAAAAAAAAAAAAAAAAAAAAA,500mg,
7d716895-f109-43c2-b901-bcdb456cc148,,Cefuroxime 250 mg,81fbfe82-b21e-4c18-9e0b-7718b62b012e,1513AAAAAAAAAAAAAAAAAAAAAAAAAAAAAAAA,250mg,
97e5f3a7-5d45-4c0c-96eb-b28f7fe0ebe1,,Cotrimoxazole 960 mg,8d432d5a-3c45-4d52-af1e-9c4798367b6d,1513AAAAAAAAAAAAAAAAAAAAAAAAAAAAAAAA,960mg,
3585f469-d6ef-47d9-bd50-7e83f0347673,,Cotrimoxazole 400 mg,8d432d5a-3c45-4d52-af1e-9c4798367b6d,1513AAAAAAAAAAAAAAAAAAAAAAAAAAAAAAAA,400mg,
59bb1208-605b-4bf6-92f8-9ef6e3eb7d8a,,Cloxacillin 250 mg,f2de3a85-8dbf-45cf-806d-7ebb23075771,1513AAAAAAAAAAAAAAAAAAAAAAAAAAAAAAAA,250mg,
88424c31-0864-4bcb-9cdf-eadb0d2e6f6f,,Cefalexin 250 mg,7a12edf8-e450-47b9-8f7f-484d6fbc9e4a,1513AAAAAAAAAAAAAAAAAAAAAAAAAAAAAAAA,250mg,
59f482f5-fba6-48a6-896f-0b30c6ee727a,,Cefalexin 500 mg,7a12edf8-e450-47b9-8f7f-484d6fbc9e4a,1513AAAAAAAAAAAAAAAAAAAAAAAAAAAAAAAA,500mg,
e817da27-cc85-48dc-863a-e46bd1acb1e8,,Ciproflaxin 250 mg,d9c29646-7515-4ce1-837f-2ca11b955976,1513AAAAAAAAAAAAAAAAAAAAAAAAAAAAAAAA,250mg,
707f7994-b56b-4d14-a6b6-82c6d15b057c,,Ciproflaxin 500 mg,d9c29646-7515-4ce1-837f-2ca11b955977,1513AAAAAAAAAAAAAAAAAAAAAAAAAAAAAAAA,500mg,
7c676b3e-0f00-4b1b-9144-d4a3214bde1f,,Cipladon 1 gm,4a46997b-4b04-447a-9c55-0f30a473917f,1513AAAAAAAAAAAAAAAAAAAAAAAAAAAAAAAA,1gm,
c5be9755-35b1-4055-a2d2-e55cca1dc6ce,,Cipladon 500 mg,4a46997b-4b04-447a-9c55-0f30a473917f,1513AAAAAAAAAAAAAAAAAAAAAAAAAAAAAAAA,500mg,
d9f9379b-12be-406b-ac66-f8d53ed435f1,,Clindamycin 150 mg  ,76baf3f4-17ae-4af6-a2bf-2a322faaad2b,1513AAAAAAAAAAAAAAAAAAAAAAAAAAAAAAAA,150mg  ,
fbb21f3a-b047-439f-920c-ee0c6af515b3,,Clindamycin 300 mg ,76baf3f4-17ae-4af6-a2bf-2a322faaad2b,1513AAAAAAAAAAAAAAAAAAAAAAAAAAAAAAAA,300mg ,
c821aee5-1667-42be-80d4-0790661d6de3,,Diazepam 5 mg,5561f6be-ca2a-49d3-9462-a99b95f2525c,1513AAAAAAAAAAAAAAAAAAAAAAAAAAAAAAAA,5mg,
079ebb65-9d0a-4776-95bb-b38a8ac703ad,,Dexamethasone 4 mg,1ceb175c-f150-4730-95a1-b4f3d1c762d3,1513AAAAAAAAAAAAAAAAAAAAAAAAAAAAAAAA,4mg,
61615611-ca41-4ca6-96d9-4bf77e87bf97,,Dyradem,1b3202f4-d7a0-4151-9856-fa36cb695a7a,1513AAAAAAAAAAAAAAAAAAAAAAAAAAAAAAAA,,
03a6d5df-f9ad-49e6-b948-e5db421ae3da,,Doxycycline,401f5767-dc54-4446-ac95-4b32a95631ce,1513AAAAAAAAAAAAAAAAAAAAAAAAAAAAAAAA,,
7494f0f1-0fa8-451a-9613-66424022708e,,Doxylamine/Pyridoxine( NOSIC),99a7688f-560f-4d0c-b916-f99805c75764,1513AAAAAAAAAAAAAAAAAAAAAAAAAAAAAAAA,,
18392c48-1b6d-481a-ae88-a4769710e2fb,,Domperidone 10 mg,596cd1ae-6bc4-408d-8205-538de4784b1f,1513AAAAAAAAAAAAAAAAAAAAAAAAAAAAAAAA,10mg,
01e69bf9-cde1-42be-8835-dabea3dfdf71,,Chlopromazine 25 mg,bfa5188b-3e63-4058-a375-b9563edbb57e,1513AAAAAAAAAAAAAAAAAAAAAAAAAAAAAAAA,25mg,
2c8efc36-af32-4cec-beac-d8336e53920f,,Esomeprazole caps 40 mg ,64af8c61-169a-45e6-94ec-f58eca1119b9,1513AAAAAAAAAAAAAAAAAAAAAAAAAAAAAAAA,40mg,
c4f80ec6-4b2d-49c7-b924-11abb45c5027,,Esomeprazole tabs 40 mg ,64af8c61-169a-45e6-94ec-f58eca1119b10,1513AAAAAAAAAAAAAAAAAAAAAAAAAAAAAAAA,40mg,
3ceee470-661d-402c-9248-46cd548833a1,,Esomeprazole caps 20 mg,64af8c61-169a-45e6-94ec-f58eca1119b11,1513AAAAAAAAAAAAAAAAAAAAAAAAAAAAAAAA,20mg,
887ae7c9-ccb4-4625-9f51-162d928224eb,,Esomeprazole tabs 20 mg,64af8c61-169a-45e6-94ec-f58eca1119b12,1513AAAAAAAAAAAAAAAAAAAAAAAAAAAAAAAA,20mg,
8b067027-0987-4155-9657-7020e24c305b,,Enthromycin 250 mg,fe730fa5-fcec-4545-92b3-271ce7b6355a,1513AAAAAAAAAAAAAAAAAAAAAAAAAAAAAAAA,250mg,
a67a4936-c236-4f39-a6d4-9fac3700242d,,Enthromycin 500 mg,fe730fa5-fcec-4545-92b3-271ce7b6355a,1513AAAAAAAAAAAAAAAAAAAAAAAAAAAAAAAA,500mg,
c2e66fae-844e-43d4-a28c-f5e60b02d4e0,,Enalapril 5mg & 10 mg,91a76638-577c-4f59-9ee3-f509759f1a83,1513AAAAAAAAAAAAAAAAAAAAAAAAAAAAAAAA,5mg&10 mg,
b5f77fe2-cea1-4bca-a1fe-f1023fe48eea,,Flucloxacillin 250 mg,a14e4c53-09f6-4b4c-b4fb-d547b8d057f2,1513AAAAAAAAAAAAAAAAAAAAAAAAAAAAAAAA,250mg,
5b2e288c-cfac-4d97-b7e9-2402f54ca7bb,,Flucloxacillin 500 mg,a14e4c53-09f6-4b4c-b4fb-d547b8d057f3,1513AAAAAAAAAAAAAAAAAAAAAAAAAAAAAAAA,500mg,
d75ed18e-4ebb-4df9-ad06-efd097a8a2d1,,Folic acid 5 mg,b6003e87-dbc3-4fd6-973a-fdc105a42e24,1513AAAAAAAAAAAAAAAAAAAAAAAAAAAAAAAA,5mg,
5ca5f059-ebfe-4bf6-beec-2d454350ade0,,Ferrous sulphste 200 mg,dfeefda2-e3d1-4236-91e1-d2e775a61bbc,1513AAAAAAAAAAAAAAAAAAAAAAAAAAAAAAAA,200mg,
dccbcbf9-d394-4246-a315-203bdce94461,,Flamory,24c0fb48-7be6-4edb-a920-4ae9e9c9cf40,1513AAAAAAAAAAAAAAAAAAAAAAAAAAAAAAAA,,
f0f53040-cb08-4bf1-8ab2-3f34901029dc,,Ferrows sulphate + Folic Acid (IFAS),f328f1a1-f31a-413e-bd11-07550c51b5ee,1513AAAAAAAAAAAAAAAAAAAAAAAAAAAAAAAA,,
b6360c31-61b6-4670-8bd8-4c883b71f1a6,,Fluconazole 200 mg,b2f80719-190d-44d7-84ed-4ff43bad7469,1513AAAAAAAAAAAAAAAAAAAAAAAAAAAAAAAA,200mg,
746be5f7-28c9-4b17-a927-3e3b1c096bb6,,Furosemide 40 mg (LASIX),0abf0574-a0ed-4acb-8686-101d15ae355b,1513AAAAAAAAAAAAAAAAAAAAAAAAAAAAAAAA,40mg,
b49c019c-b0c7-4686-9d84-1ffc6b371bdb,,Gabapentin 300 mg,85c61da8-e1b1-410c-9ee1-ee7e8ffcebcf,1513AAAAAAAAAAAAAAAAAAAAAAAAAAAAAAAA,300mg,
4dc4e56e-e208-4e09-b0ea-fbb0000e0e03,,Glibenclamide (Nogluc) 5 mg,b7ef840b-343d-430c-a1ba-6db0242bf573,1513AAAAAAAAAAAAAAAAAAAAAAAAAAAAAAAA,5mg,
080c6a9e-c518-4780-ab1f-018500baa789,,Griseofulvin 125 mg,e624afe0-eb8b-41df-8409-0c1dc6f73037,1513AAAAAAAAAAAAAAAAAAAAAAAAAAAAAAAA,125mg,
87ed6953-cf26-4969-868c-c97c7d82913a,,Griseofulvin 250 mg,e624afe0-eb8b-41df-8409-0c1dc6f73038,1513AAAAAAAAAAAAAAAAAAAAAAAAAAAAAAAA,250mg,
d43f2a0e-cba6-4701-91e4-21107fd4eb9b,,Griseofulvin 500 mg,e624afe0-eb8b-41df-8409-0c1dc6f73039,1513AAAAAAAAAAAAAAAAAAAAAAAAAAAAAAAA,500mg,
e1c96d0c-7075-465b-88eb-04d7c1b6ca23,,Glibenclamide + Metformin 500 mg,4a25550c-ec3f-4682-9bc8-0ec2b508de51,1513AAAAAAAAAAAAAAAAAAAAAAAAAAAAAAAA,500mg,
393e39d9-03e1-4c6d-8e08-12de05995e32,,Glibeclamide 5 mg (NOGLUC),f3604c1d-b9ed-43ee-8113-9dd84625f3a0,1513AAAAAAAAAAAAAAAAAAAAAAAAAAAAAAAA,5mg,
f27a12a3-3fbe-48f2-ac54-4d0225d4aee4,,Haematinic caps,f7d2ca96-1816-4674-9d9c-c3ac3d628302,1513AAAAAAAAAAAAAAAAAAAAAAAAAAAAAAAA,,
bc4745f7-d76e-4d4e-9f58-389d4e7af846,,H Pylori KIT,8a47f4d9-7d6e-4ca7-9f5a-f168ad9670a4,1513AAAAAAAAAAAAAAAAAAAAAAAAAAAAAAAA,,
629f416d-5128-483d-9f2c-1bb0557b5436,,Hydrochlorathiazide 50 mg,ea3873ed-5040-4809-a778-a3a512b26c26,1513AAAAAAAAAAAAAAAAAAAAAAAAAAAAAAAA,50mg,
9725ace2-5eaa-4324-8b87-c04f0aeb415c,,Hydrochlorothiazide 25 mg,ea3873ed-5040-4809-a778-a3a512b26c27,1513AAAAAAAAAAAAAAAAAAAAAAAAAAAAAAAA,25mg,
bb4a21b7-9581-4a24-915d-3105604c317d,,Hemasan tablets,d9a8277a-883a-4faf-ae98-81d95186f575,1513AAAAAAAAAAAAAAAAAAAAAAAAAAAAAAAA,,
7b6ef6bd-25c4-4cda-8eb6-81d5b6041057,,Hyoscine butylbromide (buscopan),45a7c700-10e0-49fb-ae36-f6bb9de7bc06,1513AAAAAAAAAAAAAAAAAAAAAAAAAAAAAAAA,,
68f0ab29-afa2-4452-aa58-d61e87b812e1,,Hyoscine butyl paracetamol,32fdc4e5-0003-4b33-beb7-619d0e1d1063,1513AAAAAAAAAAAAAAAAAAAAAAAAAAAAAAAA,,
8f4e4dce-7804-45d7-a16b-ca82d75bed5d,,Levafloxacin 500 mg,d9717f34-327e-44d3-b341-f838f3731add,1513AAAAAAAAAAAAAAAAAAAAAAAAAAAAAAAA,500mg,
0c93672d-8fb2-4d91-b3ee-33921668b2fc,,Loperamide 2 mg,93300946-bfe5-4db1-b715-c565420df9d6,1513AAAAAAAAAAAAAAAAAAAAAAAAAAAAAAAA,2mg,
284d0d0d-d041-433a-a115-3f76e8f173a9,,Losartan Potassium 50 mg ,da7c647f-f57b-4f99-a2ae-ae142603d984,1513AAAAAAAAAAAAAAAAAAAAAAAAAAAAAAAA,50mg,
3b29ff85-b051-4fa9-811b-b7e7f425a912,,50mg Losartan H (Presartan Brand),532a7ede-8c85-4b8c-807e-543217841d49,1513AAAAAAAAAAAAAAAAAAAAAAAAAAAAAAAA,,
d58268e3-4ed8-420d-97f4-77e4d8a7df63,,Losartan / Hydro( Carditan H),0d4f902d-c62d-4e4d-871c-ea6334cf3799,1513AAAAAAAAAAAAAAAAAAAAAAAAAAAAAAAA,,
b3101f25-2528-4503-8aff-a24f932f724a,,Metformin 850 mg,7668c1a1-5636-47d3-981a-1207292fcfcf,1513AAAAAAAAAAAAAAAAAAAAAAAAAAAAAAAA,850mg,
618d324f-1079-4fb4-90a8-7e1cfb09b1e1,,Metformin hydrochloride 500 mg,88adea30-cf30-4368-b9aa-409d47d55569,1513AAAAAAAAAAAAAAAAAAAAAAAAAAAAAAAA,500mg,
44a6952a-1844-4cdc-b249-8681cf1e1ed5,,Menapace tablets,cb2e8db0-2b87-4b4e-9244-cdb57115f8d0,1513AAAAAAAAAAAAAAAAAAAAAAAAAAAAAAAA,,
fccecdde-e196-4987-b41e-033c6c6f254c,,Mebendazole 500 mg,a3b229cd-b5a3-4eaf-8a48-b51182d63908,1513AAAAAAAAAAAAAAAAAAAAAAAAAAAAAAAA,500mg,
37fcce42-a05f-49e1-936c-5467cd991661,,Multivitamin tablets,2f5deb62-1ae1-46da-be94-9d416cae0dd1,1513AAAAAAAAAAAAAAAAAAAAAAAAAAAAAAAA,,
4b57be3e-deac-40ab-8e1f-4290e0a34be4,,"Montaplus (Montelukast+Levocetrizine)
15 mg",0c77fe71-66f9-4fdf-90da-c2cbb3065440,1513AAAAAAAAAAAAAAAAAAAAAAAAAAAAAAAA,15mg,
32032e4f-505b-4db0-8989-9b5fb5033faf,,Montelukast 10 mg,a194e521-5d12-446e-b44c-c4b625105c37,1513AAAAAAAAAAAAAAAAAAAAAAAAAAAAAAAA,10mg,
117e4bea-f8ad-4888-812a-5e52c488ce66,,Morphine 10 mg,e419207b-eb30-4413-8b82-1f53b87cc0b3,1513AAAAAAAAAAAAAAAAAAAAAAAAAAAAAAAA,10mg,
662b1776-5b9b-4578-9971-9d0fbfa69b4e,,Metrionidazole 400 mg,28e6f6f6-bcae-4607-b9b1-0193d93ef547,1513AAAAAAAAAAAAAAAAAAAAAAAAAAAAAAAA,400mg,
78dfd2d0-5540-4420-b5b9-337a169aad47,,Metrionidazole 200 mg,28e6f6f6-bcae-4607-b9b1-0193d93ef548,1513AAAAAAAAAAAAAAAAAAAAAAAAAAAAAAAA,200mg,
a839c700-ab38-4cbd-a043-5488f2d8f7c1,,Metrinidazole + Diloxide 900 mg,f895c025-7092-4384-9132-62cf26d81a63,1513AAAAAAAAAAAAAAAAAAAAAAAAAAAAAAAA,900mg,
6304e5fe-f93c-4fa5-8399-f456786c04cc,,Misoprastol (Cytotec) 200 mg,e2dcb6a8-acb7-46a7-845a-ed634027473f,1513AAAAAAAAAAAAAAAAAAAAAAAAAAAAAAAA,200mg,
6330306d-1e18-4fb1-97f6-5a6d2e38b0a4,,Myospaz,f7f5f43e-304f-455c-a396-0e1159bc5902,1513AAAAAAAAAAAAAAAAAAAAAAAAAAAAAAAA,,
ab21cf44-8303-4eb0-8c66-d4e58558f64d,,Meloxicam 7.5 mg,13e8315b-943d-4039-995d-9955b238c109,1513AAAAAAAAAAAAAAAAAAAAAAAAAAAAAAAA,7.5mg,
abf9899b-a41e-42d7-ace1-d2c95063e50e,,Meloxicam 15 mg,13e8315b-943d-4039-995d-9955b238c110,1513AAAAAAAAAAAAAAAAAAAAAAAAAAAAAAAA,15mg,
1102fb72-d3b4-422c-b943-2ac8695e5b1b,,Mefenamic Acid 250 mg,a36ade8a-d376-4c3c-a770-de2791bdad49,1513AAAAAAAAAAAAAAAAAAAAAAAAAAAAAAAA,250mg,
7d277ba1-5f4d-4abe-a7a2-0d78fb62fa24,,Mefenamic Acid 500 mg,a36ade8a-d376-4c3c-a770-de2791bdad50,1513AAAAAAAAAAAAAAAAAAAAAAAAAAAAAAAA,500mg,
9f07f3d0-844b-4536-bc7f-b6d7c8682f94,,Methyldopa,cab6398a-a1dd-434e-882f-4410a0db6446,1513AAAAAAAAAAAAAAAAAAAAAAAAAAAAAAAA,,
a5fa9a22-1c73-43eb-8029-60a92f82673d,,Norfloxacin 400 mg,01b3ff61-874b-496a-8572-e4009bdcd554,1513AAAAAAAAAAAAAAAAAAAAAAAAAAAAAAAA,400mg,
f683a8b5-51c9-43a1-8cb6-f37ac0593df4,,Nifedipine 20 mg,960acf61-cb22-4f57-844d-5323ee272c30,1513AAAAAAAAAAAAAAAAAAAAAAAAAAAAAAAA,20mg,
cecd5f47-78a3-4ecc-b09f-318f7b425d88,,Nitrofurantoin 100 mg,8ca26ec0-33a3-49b7-b931-270d36abb3c3,1513AAAAAAAAAAAAAAAAAAAAAAAAAAAAAAAA,100mg,
68a12741-4e2f-43a0-90e7-d9cb0ec3351b,,Nebivold 5 mg ,4be90f7c-6f69-413f-bdfb-cc84ba8c549a,1513AAAAAAAAAAAAAAAAAAAAAAAAAAAAAAAA,5mg,
40091f9f-f880-4202-a7da-83eb2a3fc33b,,Nebivold 10 mg ,4be90f7c-6f69-413f-bdfb-cc84ba8c549a,1513AAAAAAAAAAAAAAAAAAAAAAAAAAAAAAAA,10mg,
7387d9b6-0770-4e0f-9923-9ac2af812d92,,OR’S,4e50d018-1c59-40e6-bb7e-133e35d9ebe9,1513AAAAAAAAAAAAAAAAAAAAAAAAAAAAAAAA,,
170f0752-2a97-48c9-b022-5975b46c5c65,,Ondansetron 4 mg,73696609-882e-4997-a606-b04e2fa29aa5,1513AAAAAAAAAAAAAAAAAAAAAAAAAAAAAAAA,4mg,
0b6e2a77-b10f-4670-936e-720005a30952,,Omeprazole 20 mg,b03f98d5-971f-4b6f-b865-9a0efda34ed6,1513AAAAAAAAAAAAAAAAAAAAAAAAAAAAAAAA,20mg,
5980e7e0-74e5-4323-8208-0a9e302768e1,,Paracetamol 1g,a2febc22-2077-441b-873b-cf2a8d37a7f8,1513AAAAAAAAAAAAAAAAAAAAAAAAAAAAAAAA,1g,
d8fe4503-caa1-4690-8100-3d383e5001a5,,Pynstop,91d2450c-dd13-469b-a9e8-1134599e5041,1513AAAAAAAAAAAAAAAAAAAAAAAAAAAAAAAA,,
07ed8ef8-b7b7-4432-b5ee-b19379254651,,Phenobarbitone 30 mg,8d230fbb-859f-492e-bca4-dd55111f3d04,1513AAAAAAAAAAAAAAAAAAAAAAAAAAAAAAAA,30mg,
c45ce906-ffed-41b6-b29f-363e838d202c,,Pronerve 75 mg,709afb2c-3335-4cf7-bfc3-28278c67a08b,1513AAAAAAAAAAAAAAAAAAAAAAAAAAAAAAAA,75mg,
802936f7-37d2-400c-afa2-948fedc0c35e,,Pronerve 750 mg,709afb2c-3335-4cf7-bfc3-28278c67a08b,1513AAAAAAAAAAAAAAAAAAAAAAAAAAAAAAAA,750mg,
3ba73499-3bcf-4fc7-b990-603dc6066321,,Prednsolene 10 mg,c3ef6727-7c89-4a5b-8577-3dbcbdb3c987,1513AAAAAAAAAAAAAAAAAAAAAAAAAAAAAAAA,10mg,
0d223c03-0ef0-47bc-851c-cfdcc98b4528,,Presartan HSo (Losartan H),c68cadf1-f03c-4fb2-ae73-034d7e0e8616,1513AAAAAAAAAAAAAAAAAAAAAAAAAAAAAAAA,,
cfd0b89a-64af-411e-bae2-676e42a46e7a,,Pregabalin 75 mg,5a9abf38-6186-4675-bb1f-be07818d950c,1513AAAAAAAAAAAAAAAAAAAAAAAAAAAAAAAA,75mg,
93fa87ff-e74c-47fa-813b-4643a1154be8,,Pregnacare,f51c5948-db5a-4050-b93e-836a95b7d874,1513AAAAAAAAAAAAAAAAAAAAAAAAAAAAAAAA,,
4451d893-12ad-477d-a687-04fb23e4772d,,Primolut N,04172535-cb12-4d3e-b6be-24e8166fe343,1513AAAAAAAAAAAAAAAAAAAAAAAAAAAAAAAA,,
1d600d77-6bdd-4302-9298-cc863e8afe68,,Progesterone 400 (susten),d961343c-a9f6-47e2-8410-99141c2a2153,1513AAAAAAAAAAAAAAAAAAAAAAAAAAAAAAAA,,
51084659-8f1c-4b33-9d7b-4c70c56d757d,,Promethszine 25 mg,5558ae25-e094-4ee0-b1b4-ab5d6824766e,1513AAAAAAAAAAAAAAAAAAAAAAAAAAAAAAAA,25mg,
20f8b236-9d7f-4009-a213-f9ca6e98a324,,Phenorbabital,00940ba0-fcf1-4ee0-854d-737b57759621,1513AAAAAAAAAAAAAAAAAAAAAAAAAAAAAAAA,,
80282617-05bf-46ff-9ef9-8ff720f4ea17,,Phenobarb,ff92754e-f3b5-4094-a9fa-f5a6982cc06f,1513AAAAAAAAAAAAAAAAAAAAAAAAAAAAAAAA,,
e82f8701-8eaf-4e25-9519-938d76423201,,Pyridoxine HD,833e8285-ed6b-479d-8a31-88161d910f22,1513AAAAAAAAAAAAAAAAAAAAAAAAAAAAAAAA,,
9e831197-df5d-42f8-a50c-3f643f4e03a5,,Secnidazole 500 mg,89cf911d-8069-406e-b1f2-ce47374144b5,1513AAAAAAAAAAAAAAAAAAAAAAAAAAAAAAAA,500mg,
29c64303-cd80-4e18-a3da-0d67e627eac0,,Sodium Valproate 200 mg,ef657742-e4b6-42ee-9695-ee719edf4541,1513AAAAAAAAAAAAAAAAAAAAAAAAAAAAAAAA,200mg,
6187b706-7369-45d3-ad8d-bdc3475dc471,,Sulfadoxine/Pyrimethamine,318613c3-cca5-42f5-929d-12bc650e530d,1513AAAAAAAAAAAAAAAAAAAAAAAAAAAAAAAA,,
239bf8f0-7798-41b6-84d9-d0dcaaf92ceb,,Salbutamol tabs,a98faefd-8a14-44bb-a5b2-4801c031a0fb,1513AAAAAAAAAAAAAAAAAAAAAAAAAAAAAAAA,,
4766fa64-81f0-432f-9052-9be371b90cee,,Tribees(Vit B1+B6+B12),23623735-898a-4406-b39f-f6e3cb661c93,1513AAAAAAAAAAAAAAAAAAAAAAAAAAAAAAAA,,
429048bc-721e-46da-a70f-31dfcd1c6e30,,Triviamet,734a034c-4e8a-4829-a589-31d75bedd388,1513AAAAAAAAAAAAAAAAAAAAAAAAAAAAAAAA,,
01bb2404-93cc-4f24-bf0f-6e2d701180b0,,Tranexamic Acid 500mg,200d6d28-dcb6-4402-a47f-8c028d7cff01,1513AAAAAAAAAAAAAAAAAAAAAAAAAAAAAAAA,500mg,
b0f108e6-5e81-49d6-94ac-eaf85352a9a1,,Tramadol caps,b97ea147-81e8-480d-98ce-6a1231c0748a,1513AAAAAAAAAAAAAAAAAAAAAAAAAAAAAAAA,,
f2bb04d3-562e-4a90-9681-d846bc33e3b2,,Triokit (Azithromcyn +Fluconozole),17f95bff-43ed-4068-bb14-1ad66f59d507,1513AAAAAAAAAAAAAAAAAAAAAAAAAAAAAAAA,,
13378e73-826b-4062-a7b7-bdc231a16d71,,Vitamin D,cda8c7e2-518d-4a01-bd40-16660bf0dbe2,1513AAAAAAAAAAAAAAAAAAAAAAAAAAAAAAAA,,
2a1f7c01-375a-49a8-95c3-39101c3b0916,,ZyrtalMR,def89609-0507-4688-9870-dea97756d8ce,1513AAAAAAAAAAAAAAAAAAAAAAAAAAAAAAAA,,
7720805c-c619-4eda-abbb-7ab8db959b17,,ZULU plain,24174aea-7438-44f9-882d-51af1122be7c,1513AAAAAAAAAAAAAAAAAAAAAAAAAAAAAAAA,,
693e55b7-862b-4976-bf18-0c1bf05af2c3,,ZULU MR,5a312db2-37ef-4e67-a53c-7b69316e6376,1513AAAAAAAAAAAAAAAAAAAAAAAAAAAAAAAA,,
59373c7e-4a97-48fa-8d60-de0ecf9ff5b6,,Zinc Sulphate,60e97f17-7ca2-4a62-ba4e-36889ff27377,1513AAAAAAAAAAAAAAAAAAAAAAAAAAAAAAAA,,
e2a33025-7125-4d89-82f7-6d522437fd85,,Azithromycin 200mg/5ml,9303c071-955d-4cad-a897-ec03ffb6f042,1513AAAAAAAAAAAAAAAAAAAAAAAAAAAAAAAA,200mg/5ml,
3e98ca67-fe48-4a61-8d67-217ff91e441c,,Abendazole 10ml,8c1d1711-e418-4475-8788-27e105241e26,1513AAAAAAAAAAAAAAAAAAAAAAAAAAAAAAAA,10ml,
49f5b97b-b626-48c3-b523-97a3a16773a7,,Amoxicillin 125mg/5ml,794afacb-f538-49b9-b9bc-3255b2f69f59,1513AAAAAAAAAAAAAAAAAAAAAAAAAAAAAAAA,125mg/5ml,
9d8b0408-634f-422e-8e34-df4dcede079b,,Amoxicillin 60mls,794afacb-f538-49b9-b9bc-3255b2f69f60,1513AAAAAAAAAAAAAAAAAAAAAAAAAAAAAAAA,60mls,
a54771b6-7f0b-4b11-894b-e8583643fe69,,Amoxicillin 100ml,794afacb-f538-49b9-b9bc-3255b2f69f61,1513AAAAAAAAAAAAAAAAAAAAAAAAAAAAAAAA,100ml,
a6690ed1-e62e-4a85-902c-50aaa421088b,,Amoxicillin 250ml,794afacb-f538-49b9-b9bc-3255b2f69f62,1513AAAAAAAAAAAAAAAAAAAAAAAAAAAAAAAA,250ml,
40e8032a-853d-423e-9205-8da53fd31f49,,Aminocidine Unibrox Syrup,4c5e16d4-66e8-4286-a1c1-bf75335101e3,1513AAAAAAAAAAAAAAAAAAAAAAAAAAAAAAAA,,
0d215e77-bb95-4198-b14a-954e0d05cb77,,Ascoril,643dc49c-c599-455c-852c-d8f7e2255439,1513AAAAAAAAAAAAAAAAAAAAAAAAAAAAAAAA,,
f9e537dd-9fab-440e-9761-c52e2189baa1,,Alugel,d752bf7b-735e-4f0a-987e-f5f171aec068,1513AAAAAAAAAAAAAAAAAAAAAAAAAAAAAAAA,,
df07c852-1983-4a0b-bfa0-95822fb6d992,,Ambroxol 100ml,2c8509e0-14de-4a39-b743-658af04718ed,1513AAAAAAAAAAAAAAAAAAAAAAAAAAAAAAAA,100ml,
234500da-8b83-4975-98af-53cad4a66912,,Ampicillin / cloxacillin 10ml(90mg ),7f98d46b-261d-4277-9b02-c6809bffe018,1513AAAAAAAAAAAAAAAAAAAAAAAAAAAAAAAA,10ml(90mg),
7f8bc1f5-17be-46fc-8169-0108922c8d63,,Brufen 100ml,55981e62-c93c-4204-bb69-8ce11f2954de,1513AAAAAAAAAAAAAAAAAAAAAAAAAAAAAAAA,100ml,
f79ffc29-184a-4821-a0d7-613c2103cb1b,,"Bonnisan Buscopan (Hyoscine
butybromide)",4db30d27-ee52-4dba-af23-9b45d9fc7be7,1513AAAAAAAAAAAAAAAAAAAAAAAAAAAAAAAA,,
8fa17c73-ef7d-4d39-969f-2620bb659228,,Co- trimazole 100ml,09dc27d2-2e37-4efe-a891-30273c74563b,1513AAAAAAAAAAAAAAAAAAAAAAAAAAAAAAAA,100ml,
29a6fbc0-3673-4750-8807-0ce9b8c52a52,,Clotrimazole mouth Paint,5fce5f4e-da67-46a5-9e06-652258654e10,1513AAAAAAAAAAAAAAAAAAAAAAAAAAAAAAAA,,
8360f1be-690a-4ec1-ae0d-2dad69514e58,,Cefalexin 125mg/5ml,1d2f4af5-6acf-4e5b-b49a-811682b00dbb,1513AAAAAAAAAAAAAAAAAAAAAAAAAAAAAAAA,125mg/5ml,
3e51aa09-c311-4e9c-b253-1a5e602ef7cb,,Cefuroxime 70ml (125mg/ 5ml),e96e87d2-0189-453c-9fc5-071f56d12e59,1513AAAAAAAAAAAAAAAAAAAAAAAAAAAAAAAA,70ml(125mg/ 5ml),
57ffc159-ab4c-4a0c-9084-4e869adce2eb,,Cefadroxil 125mg/100ml,65a1bc82-bf3a-469c-bd43-7bf07dca03c5,1513AAAAAAAAAAAAAAAAAAAAAAAAAAAAAAAA,125mg/100ml,
a1d0a3d4-6ab1-4094-abb5-5804a7e84b58,,Cloxacillin (125ml/5ml),05648f58-af2d-405c-a239-692f662da6c4,1513AAAAAAAAAAAAAAAAAAAAAAAAAAAAAAAA,(125ml/5ml),
62c32eb6-088b-4c59-b4de-7c4c3da72083,,Cetrizine 60ml,c7bb2574-2a04-4fac-b67c-0c19dc308d34,1513AAAAAAAAAAAAAAAAAAAAAAAAAAAAAAAA,60ml,
a98ab474-b078-4419-8009-2e9be0289376,,Catoxymag 200ml,1995f58b-7eba-4996-815c-36e9cd87ba73,1513AAAAAAAAAAAAAAAAAAAAAAAAAAAAAAAA,200ml,
d5ca50f1-f365-40cc-90f5-bdaace27e1fd,,Domperidone,a9ce7f29-48e4-4259-a549-a24ef0404de8,1513AAAAAAAAAAAAAAAAAAAAAAAAAAAAAAAA,,
e25d09f0-ec22-4ef5-a593-680abb0fa8ec,,Dacof (Dry),e7359a19-f9c9-4cbd-af7c-cd9dd16e2998,1513AAAAAAAAAAAAAAAAAAAAAAAAAAAAAAAA,,
b64d4519-69aa-468e-b39d-af4dd6728833,,Dacof ( Mucolytic),664dcf07-f508-485d-840f-dcbe46991fdc,1513AAAAAAAAAAAAAAAAAAAAAAAAAAAAAAAA,,
08ee7c8e-e64b-4e6e-a11c-b512dd3f2e0f,,Erithromycin 125mg/5ml,8e687694-12fb-4fa7-ad83-9d1481c5af1b,1513AAAAAAAAAAAAAAAAAAAAAAAAAAAAAAAA,125mg/5ml,
e5eb1f66-a6b5-4a2e-914c-33e0cfc95662,,Erithromycin 125mg/100mls,8e687694-12fb-4fa7-ad83-9d1481c5af1b,1513AAAAAAAAAAAAAAAAAAAAAAAAAAAAAAAA,125mg/100mls,
deafcf0e-1309-4627-b680-9d89d036b74d,,Flucloxacilline (125mg/5ml),57331c60-e17c-4f2f-b685-cd44020aec02,1513AAAAAAAAAAAAAAAAAAAAAAAAAAAAAAAA,(125mg/5ml),
e3978b6d-84d9-43e7-bd1a-09b037783d5b,,Flucunazole 50mg/ 5ml,e306ecd3-84c7-4cc2-a278-fd49dc0f4c5b,1513AAAAAAAAAAAAAAAAAAAAAAAAAAAAAAAA,50mg/5ml,
f3fa8745-1d5c-481d-a7ff-6145b806d754,,Lactulose,debf07b2-4083-4331-8619-dc7c776b9081,1513AAAAAAAAAAAAAAAAAAAAAAAAAAAAAAAA,,
47d1fa4d-28b7-455e-8ca8-da29fde8e974,,Multivitamin,8596d819-42b2-45f2-8b5c-f0eb3a634780,1513AAAAAAAAAAAAAAAAAAAAAAAAAAAAAAAA,,
62151fd7-46c8-42b2-bac9-fdf81c2ffd01,,Metronidazole + Diloxinide (Eflaron),d691ae87-900a-40e7-a18b-ad3d82f9e2d7,1513AAAAAAAAAAAAAAAAAAAAAAAAAAAAAAAA,,
1ca710a8-5f11-4a9a-952c-750655cea03c,,Metronidazole 200mg /5ml,7ee5e69d-a6d9-4598-9aff-859d6aae29f3,1513AAAAAAAAAAAAAAAAAAAAAAAAAAAAAAAA,200mg /5ml,
e6ea82bb-07e1-4432-bd13-c965dafb2290,,Nystatin 1000014ml,03a9c4bc-8c1f-42a3-ad7e-2c4732a87691,1513AAAAAAAAAAAAAAAAAAAAAAAAAAAAAAAA,1000014ml,
a66a7e7e-2352-4285-b08f-77f52898d7c6,,Osteocare,e690f620-a6de-41bb-8ad4-a64fbd18f0fd,1513AAAAAAAAAAAAAAAAAAAAAAAAAAAAAAAA,,
8a5658f6-05ae-4401-a509-bb88c19f09f5,,Paracetamol 60ml,a8f291fe-ff16-4ef2-a5c6-6b4616e063eb,1513AAAAAAAAAAAAAAAAAAAAAAAAAAAAAAAA,60ml,
eb9c0b2a-8468-4f0b-948a-ca24ae608ab7,,Paracetamol 1000ml,a8f291fe-ff16-4ef2-a5c6-6b4616e063eb,1513AAAAAAAAAAAAAAAAAAAAAAAAAAAAAAAA,1000ml,
cc0711ca-8bce-40c7-adaa-d034dc490c35,,Pectadyl expectorant 100ml,84531341-6cbd-4e1a-b3a4-3e4054c367d1,1513AAAAAAAAAAAAAAAAAAAAAAAAAAAAAAAA,100ml,
a159dbc5-f632-42d6-ab6a-b63370d62dc1,,Piriton 60ml,76907b7b-982b-4444-8c01-fed04b6276f6,1513AAAAAAAAAAAAAAAAAAAAAAAAAAAAAAAA,60ml,
618b18ca-6120-41a4-a591-1c1c98a5af95,,Prednisolone 60ml,4d835a33-523e-4917-a302-e8bfe5f1569e,1513AAAAAAAAAAAAAAAAAAAAAAAAAAAAAAAA,60ml,
49ee3657-983a-451b-85d1-9159d9c8ea0e,,Syrup piriton 100mls,a065ab3e-ed19-4d26-ab37-2366232f10b1,1513AAAAAAAAAAAAAAAAAAAAAAAAAAAAAAAA,100mls,
9ee15602-766f-4e0c-9d8b-ac4ac1fb5fe2,,Relcer Gel,b19f0938-480e-4a46-b4a2-1cef868b46d7,1513AAAAAAAAAAAAAAAAAAAAAAAAAAAAAAAA,,
8b64836c-343e-4611-9dce-1baf3f76cb6c,,Redin PN LIQUID,af2b4f44-005d-4f96-9955-7e57135a4717,1513AAAAAAAAAAAAAAAAAAAAAAAAAAAAAAAA,,
fec2d879-4736-4eb5-8af3-f86a690e8b74,,PROMETHAZINE,913965dd-6c7a-4dfe-b930-9013e7ce4ddd,1513AAAAAAAAAAAAAAAAAAAAAAAAAAAAAAAA,,
b588ce64-90c5-4e6e-9980-ff5253b0d3aa,,SULBUTAMOL SYRUP 2MG,6f30e5fd-8921-4f22-8f8d-efdaa1e4fdd5,1513AAAAAAAAAAAAAAAAAAAAAAAAAAAAAAAA,2mg,
057461ee-1c04-4123-a98c-9d8ff98e4a8e,,Paracetamol suppositories 250mg,a7e5c36e-f0f9-4747-8732-cb6d6ac9ba74,1513AAAAAAAAAAAAAAAAAAAAAAAAAAAAAAAA,250mg,
a262b1ac-ca70-4f7b-826b-039ef4912b36,,Paracetamol suppositories 125mg,a7e5c36e-f0f9-4747-8732-cb6d6ac9ba75,1513AAAAAAAAAAAAAAAAAAAAAAAAAAAAAAAA,125mg,
a7192ea6-b7d5-4f54-bae4-0e10a16181f3,,Acyclovir 10g,7aa3b2bb-e80b-4c9d-9a48-617e60aad93f,1513AAAAAAAAAAAAAAAAAAAAAAAAAAAAAAAA,10g,
f36772e9-5993-4880-bc88-8547e80531f0,,Aqueous cream 500gm,9c92cfe8-5c80-48a8-a08e-ede782b69e01,1513AAAAAAAAAAAAAAAAAAAAAAAAAAAAAAAA,500gm,
3b865a31-9da9-4d61-8f42-50ec2580862e,,Antihaemorrioidal (Anustat),e602ac55-5946-426a-b08a-1a2de70d71f2,1513AAAAAAAAAAAAAAAAAAAAAAAAAAAAAAAA,,
3b49940d-dc3f-4d59-9abc-2b0c86fe533f,,Calamine Lotion,5676cbf1-dc28-4652-857c-9e3d8871cac7,1513AAAAAAAAAAAAAAAAAAAAAAAAAAAAAAAA,,
4d7a0afa-9b5b-44c3-b4c9-f26b140450d8,,Chlomexidine digluconate 10g,5e6c91d6-0fa3-4a9d-a544-798f3dc6e0f5,1513AAAAAAAAAAAAAAAAAAAAAAAAAAAAAAAA,10g,
68897931-d54c-43af-8ef3-ba4b581ff3d0,,Clozole B – 15g,6066865b-5ad3-4771-9e7e-221b77705c09,1513AAAAAAAAAAAAAAAAAAAAAAAAAAAAAAAA,15g,
d9fa4f34-4cc4-481e-a0e9-50c6c45511b4,,Caustic Pencil,d1a154f1-da3d-48dd-9fc4-01d660308365,1513AAAAAAAAAAAAAAAAAAAAAAAAAAAAAAAA,,
cbf7b8d8-2e81-4aa8-b1b8-6ed0f05da8a0,,Clotrimazole cream 20g,8873dc5a-0ce3-4dbf-8b71-601fa351c765,1513AAAAAAAAAAAAAAAAAAAAAAAAAAAAAAAA,20g,
9f113400-02ba-477f-aa69-cf809dd14421,,Damazine 250g,cbcf18bd-a985-4b02-9b02-c8380b1da689,1513AAAAAAAAAAAAAAAAAAAAAAAAAAAAAAAA,250g,
8b1d473e-ca2f-4c42-b8ef-ff8c4a85dfdc,,Damazine 100g,cbcf18bd-a985-4b02-9b02-c8380b1da690,1513AAAAAAAAAAAAAAAAAAAAAAAAAAAAAAAA,100g,
5c59f50a-8c22-45dd-a25d-4eacb579a4a0,,Diclofenac 20g,ddd1f650-003c-414f-9f0e-682a8171fcb2,1513AAAAAAAAAAAAAAAAAAAAAAAAAAAAAAAA,20g,
8c4604dc-2358-466a-9126-ea45fb922659,,Elystamine 15g ( Anthistamine cream),fc938d6b-d510-47f3-984b-aef30601f2f0,1513AAAAAAAAAAAAAAAAAAAAAAAAAAAAAAAA,15g,
249770de-4a53-4477-8d07-179d6d1dcdce,,Hydrocortisone 15g,5f54cc15-6985-42c8-87ad-02c1a9522f2b,1513AAAAAAAAAAAAAAAAAAAAAAAAAAAAAAAA,15g,
e28f4a73-dd93-4308-9495-f2403c54039a,,"Intacycline (Tetracycline skin
Ointmens)",de687cc0-575b-482e-8a51-e433f0dce8b1,1513AAAAAAAAAAAAAAAAAAAAAAAAAAAAAAAA,,
f0fbec90-abb4-4fbd-9fec-69c560d9393b,,Mupirocin ointment,e9c519b5-d76d-4b24-9050-28a6826b54a0,1513AAAAAAAAAAAAAAAAAAAAAAAAAAAAAAAA,,
223cb982-ee14-4616-8de2-335de38984b5,,Povidone Iodine Ointemt,0aabe20d-20b1-48e6-873e-6b3a20986e0b,1513AAAAAAAAAAAAAAAAAAAAAAAAAAAAAAAA,,
10bc51de-b98b-4566-a0e0-ece56c1c84b5,,Rubem 25g/ Analgesic balm,02979fb7-2ade-45f7-9ee5-e33a89b05f96,1513AAAAAAAAAAAAAAAAAAAAAAAAAAAAAAAA,,
abe67a62-b679-4561-b61b-8c3d249ac56f,,Sulphur Ointment,33b68d43-9186-4982-904f-1eaab7d27728,1513AAAAAAAAAAAAAAAAAAAAAAAAAAAAAAAA,,
3cf8f66e-4335-4601-8859-fca2237f556e,,Benzy Benzoate Emulsion,440fa328-156c-44ab-af46-7c315fb0544c,1513AAAAAAAAAAAAAAAAAAAAAAAAAAAAAAAA,,
b40be25e-8231-429c-9e81-1495f9040a12,,Silver sulphadiazine 250mg,95e53639-d2dd-45dd-b43f-ae9b1584e946,1513AAAAAAAAAAAAAAAAAAAAAAAAAAAAAAAA,,
ab377d43-730e-41de-8cba-ec9ef5e563c3,,Tetracycline Eye Ointement,be3533b5-e447-440c-9395-b0d466f4e214,1513AAAAAAAAAAAAAAAAAAAAAAAAAAAAAAAA,,
6b945518-00a3-440c-a33a-4277226518dd,,XTRADERM 20G,3383a596-a749-4b9d-8fdc-985d78921dc5,1513AAAAAAAAAAAAAAAAAAAAAAAAAAAAAAAA,20g,
2abbee84-7904-4d1c-9846-623178e26516,,Clotrimazole 200mg(Candistat) v-3,a6c5d5ac-38b1-4442-ba84-2ee1046ff8ed,1513AAAAAAAAAAAAAAAAAAAAAAAAAAAAAAAA,200mg,
7ddcdd67-244c-4619-a268-73227e4967b0,,Clotrimazole (Candid v-1) 500mg,d7c9f6ea-b0ad-4562-99aa-9c883c1b92bf,1513AAAAAAAAAAAAAAAAAAAAAAAAAAAAAAAA,500mg,
63371c72-795a-40e8-b235-4557a5ac5293,,Clotrimazole (Candid v-6) 100mg,e1e894f2-9bf4-4213-9807-d77b6213efbb,1513AAAAAAAAAAAAAAAAAAAAAAAAAAAAAAAA,100mg,
232139e9-1ceb-4ffc-ad74-31fbc6943398,,Nystatin (Fungistin),92c65752-df97-4900-b42c-5f91b89cb395,1513AAAAAAAAAAAAAAAAAAAAAAAAAAAAAAAA,,
2ec2f49b-8a9a-4d93-b72d-fdde19646366,,Gacel 125mg,36f0cf9e-7e91-4ad4-9bbf-d11d919ce126,1513AAAAAAAAAAAAAAAAAAAAAAAAAAAAAAAA,125mg,
d84e461b-ede4-4f68-8c9c-f69a2b629420,,Gacel 250mg,36f0cf9e-7e91-4ad4-9bbf-d11d919ce127,1513AAAAAAAAAAAAAAAAAAAAAAAAAAAAAAAA,250mg,
9693a340-cfe7-40ed-bf48-16f5decb99ae,,Microenema,40ad2be9-9b93-4a41-8b5e-f3437ee7192c,1513AAAAAAAAAAAAAAAAAAAAAAAAAAAAAAAA,,
74b6fa5a-9575-413b-aa6b-a28ae025571f,,Salbutamol Inhaler,7e615600-5ef5-4559-ad9f-18e33079ae50,1513AAAAAAAAAAAAAAAAAAAAAAAAAAAAAAAA,,
d06d1803-0512-453e-aa6a-06e8568ffc12,,"Salbutamol Respirator 10ml-
Neubulizing",95e34467-770e-42ea-b997-6c1bca49b20d,1513AAAAAAAAAAAAAAAAAAAAAAAAAAAAAAAA,,
4cbe51c4-7dae-4de0-bf49-8f6d2a7ee578,,"Combivent (Ipratroprumbromide +
Sulbutamol Sulphate)	",eb7efaad-22fa-40dc-9752-10f37a7ae0fd,1513AAAAAAAAAAAAAAAAAAAAAAAAAAAAAAAA,,
7be54c25-2ecc-46b9-b824-56ea7d19ea25,,Foralin Inhaler,a91f4ccf-822b-4f36-ba69-f942d0b91178,1513AAAAAAAAAAAAAAAAAAAAAAAAAAAAAAAA,,
aa08b09c-5229-4c7a-a28e-8f1db3d8c883,,Seretidine inhaler 120 doses,c74fd0c6-b02e-4a3d-a9e0-0973082b1994,1513AAAAAAAAAAAAAAAAAAAAAAAAAAAAAAAA,,
a5a2bde0-73a3-4651-b23d-eefeb98a1765,,Ciproken (Ciproflaxin) 0.3 %,638f0517-8a4f-432e-a6bc-275971fdfbdc,1513AAAAAAAAAAAAAAAAAAAAAAAAAAAAAAAA,0.30%,
e1eb221f-f4b7-427f-b290-4762aa615a15,,Clotrimazole oral paint 1%,e80caca6-552a-4b45-8820-be358025b84c,1513AAAAAAAAAAAAAAAAAAAAAAAAAAAAAAAA,1%,
d3ac0424-c896-4920-9bc0-b338f1f36c91,,Diclogenta (Diclofenac + Gentamycin),0b7d024d-cf0f-4642-bcda-0343b15d1e47,1513AAAAAAAAAAAAAAAAAAAAAAAAAAAAAAAA,,
f430676b-c035-48d2-80d4-98a4641f7247,,Dexamethasone eye drop,12da94a6-01ea-4ccf-9773-b403940dfe0a,1513AAAAAAAAAAAAAAAAAAAAAAAAAAAAAAAA,,
e6fcc82c-caad-441c-84b6-8cda3c8b30dc,,IV Gentacin (GENTAMYCIN),f155a6e7-e7d7-4708-8aac-4a46fde5239a,1513AAAAAAAAAAAAAAAAAAAAAAAAAAAAAAAA,,
fc1074cb-71a4-4c24-9622-1c583812dbea,,Ketorac eye drops 0.5ml,76db1e54-85b3-42ff-957b-d7303430d230,1513AAAAAAAAAAAAAAAAAAAAAAAAAAAAAAAA,0.5ml,
c826bae3-c749-4b46-a29a-63c4b820d376,,Maxitrol 5ml,7a4bdf39-b449-4d87-8994-83ffca42a9c8,1513AAAAAAAAAAAAAAAAAAAAAAAAAAAAAAAA,5ml,
2d54565a-10fd-4fd1-8b6f-dd26644f6fd0,,Maxidex eye oin(Dexamethasene),61fa9865-9280-4bcf-95b0-038b78d24bf1,1513AAAAAAAAAAAAAAAAAAAAAAAAAAAAAAAA,,
6b7db8e7-521b-4840-b7d5-269321644635,,Otorex,04359897-ca02-4c32-a179-58123246888e,1513AAAAAAAAAAAAAAAAAAAAAAAAAAAAAAAA,,
dbf0b246-0003-4e26-be71-efeb65ebe01f,,Prednsolone Acetate (Pharmasolone),26d064db-2dda-4701-8a7f-4ce0f681259e,1513AAAAAAAAAAAAAAAAAAAAAAAAAAAAAAAA,,
d9e14776-ba91-4693-ad30-1a5a9e0cc54e,,"Probeta -N( Betamethasone
+Neomycin)",bba5b112-0128-4be7-9bea-b586d4e8d692,1513AAAAAAAAAAAAAAAAAAAAAAAAAAAAAAAA,,
08de1825-282f-4e19-b174-f9b8bf02b4ab,,Tears Naturalle,be981878-0cc4-44ed-9fd0-1c5e0a8d71d7,1513AAAAAAAAAAAAAAAAAAAAAAAAAAAAAAAA,,
639b23ea-f8b3-44ae-88f5-91f03ca23e4f,,Timolol eye drop,a08d80cb-13f9-425f-989c-d162a7480003,1513AAAAAAAAAAAAAAAAAAAAAAAAAAAAAAAA,,
83b2c3d8-037f-43fe-95a7-2647c7fe3b76,,ISORYN (adult) Ephedrine 1%,9e57ac88-19c8-43c3-b8f6-6f4c46058e3d,1513AAAAAAAAAAAAAAAAAAAAAAAAAAAAAAAA,,
81dd9f86-825b-4de0-9698-312fe5c4d840,,ABNAL (SODIUM CHLORIDE),3526d612-9ac0-48e8-bf4c-e5eed941b26f,1513AAAAAAAAAAAAAAAAAAAAAAAAAAAAAAAA,,
f6a43cac-8324-4d0a-8bbc-003adfa785e3,,"Isorynl ephedrine nasal drops 0.5%(
Paeditric)	",fd81dabb-f1fd-48b5-9de8-9c262664fd6b,1513AAAAAAAAAAAAAAAAAAAAAAAAAAAAAAAA,,
99c465fa-8e0d-4b21-a88c-fd42cd9d2471,,Saline Nasal drops,cf35a984-c427-43a6-8dc7-96fa18039bae,1513AAAAAAAAAAAAAAAAAAAAAAAAAAAAAAAA,,
fb35006b-db32-4072-84b0-836fc1bb4a3c,,Atropine 1mg,0efbeec4-e372-41f6-9589-67a70a9d2c23,1513AAAAAAAAAAAAAAAAAAAAAAAAAAAAAAAA,1mg,
1bcd3f96-e2a6-4a0b-94fe-5bf592f1f344,,Adrenaline 1mg,13afbf39-ef27-4e8e-8b4b-8aecabf18657,1513AAAAAAAAAAAAAAAAAAAAAAAAAAAAAAAA,1mg,
0dc3445e-4a40-44e5-8af7-b1ec46748731,,Aminophyline,305a345f-a7a0-4f88-aec4-8b4e06888ab6,1513AAAAAAAAAAAAAAAAAAAAAAAAAAAAAAAA,,
2df3b927-4d90-4938-9ba6-d6e139828d77,,Artesunate 60mg vial,1d3562ab-c28e-481a-a41f-2ba9a7c154e0,1513AAAAAAAAAAAAAAAAAAAAAAAAAAAAAAAA,,
c3f7abcc-4066-4174-8d4a-fe246acbc138,,Artemether 80mg,98ba74de-b779-4662-96fa-bcd299bfb11f,1513AAAAAAAAAAAAAAAAAAAAAAAAAAAAAAAA,80mg,
704d6788-c11f-4f53-b2c3-ff266fbce7d6,,Artemether 40mg,6acea817-7bd2-41ef-bcfb-f21098541927,1513AAAAAAAAAAAAAAAAAAAAAAAAAAAAAAAA,40mg,
16958e7f-f7d1-4037-8b7e-34e98a9d646c,,Benzylpenicillin Sodium 1000000lu,1c5f672a-bbf1-45c6-946c-ff603ae0890d,1513AAAAAAAAAAAAAAAAAAAAAAAAAAAAAAAA,1000000lu,
8788d116-5222-4849-ad3b-a21177ec4c0c,,Benzathine pencilline 2400000lu,93d90d02-feb0-4f61-8437-a8b15519e37a,1513AAAAAAAAAAAAAAAAAAAAAAAAAAAAAAAA,2400000lu,
d2c80d93-e766-41eb-abfa-f04b78b871e1,,Buscopan(Hyoscine Butybromide),979293ed-e9f1-4d15-aa4a-0c94e0c35e58,1513AAAAAAAAAAAAAAAAAAAAAAAAAAAAAAAA,,
c6e5beca-7e01-496b-afaf-830006052a18,,Chlopheniramine (piriton inj),81c5b9e4-bbf0-4ad1-a6d5-0d2b5f68b693,1513AAAAAAAAAAAAAAAAAAAAAAAAAAAAAAAA,,
a55e704b-a7fc-4dc4-aead-732d4219db4d,,Ceftiaxone 1g,23ac28be-24d4-4421-b036-5cdbda02cce4,1513AAAAAAAAAAAAAAAAAAAAAAAAAAAAAAAA,1g,
89f1e3cf-1b4d-447f-a922-aa343e5d7e0f,,Ceftriaxone + Sulbactam 1.5 g,597ab766-6688-43a4-ad1e-85ec06a718b3,1513AAAAAAAAAAAAAAAAAAAAAAAAAAAAAAAA,1.5g,
0cec418b-6917-46a0-b859-4feeef0b07fb,,Ceftazidime 1g,d8c631df-b1fb-4867-8019-69e0e020e630,1513AAAAAAAAAAAAAAAAAAAAAAAAAAAAAAAA,1g,
1a22d726-c201-4c9e-9231-5ff9d3916fbd,,Calciun Gluconate 1g/10ml,ab820aec-8e04-4ad7-8984-c85db45d338f,1513AAAAAAAAAAAAAAAAAAAAAAAAAAAAAAAA,1g/10ml,
7cff0025-df11-4846-8357-72a1848e08ae,,Dexamethasone 4mg,a16cf8ce-2d81-40eb-ae98-c1e3cccfc0f0,1513AAAAAAAAAAAAAAAAAAAAAAAAAAAAAAAA,4mg,
2c55a029-c675-4fa9-a08d-c0ee37330fe3,,Diclofenac 7.5 mg,f8487657-f635-4b10-b6f2-17b49ca3eb81,1513AAAAAAAAAAAAAAAAAAAAAAAAAAAAAAAA,7.5mg,
7310b2ac-eea3-4abb-83b9-3080aba60967,,Esomeprazole 40mg,2b0312ab-9d14-4a9e-843f-f6addd7adb4a,1513AAAAAAAAAAAAAAAAAAAAAAAAAAAAAAAA,40mg,
26180012-e85e-4550-b7a0-8f85026285fb,,Flucloxacillin 500mg ,c69819a1-8a9d-4602-b33d-a149bdd88d9b,1513AAAAAAAAAAAAAAAAAAAAAAAAAAAAAAAA,500mg,
0e46572b-7b68-4d8b-81b5-2fad1a7d2dd8,,Hydrocortison 400mg,eaea8a47-a7ac-4085-9ce4-ed1500b80a85,1513AAAAAAAAAAAAAAAAAAAAAAAAAAAAAAAA,400mg,
7fcf3a1c-04df-4399-9e5b-3052ec3bbc4b,,Furosemide 20mg,a791d430-7353-49da-8428-86f06cf73d85,1513AAAAAAAAAAAAAAAAAAAAAAAAAAAAAAAA,20mg,
f4569c62-6c7b-4b1d-8be6-ab6b462a74b8,,Gentamycin 40mg ,2f2717bc-7c51-44e0-98d4-dac61bd03d0b,1513AAAAAAAAAAAAAAAAAAAAAAAAAAAAAAAA,40mg,
1fdb227b-0954-4ee0-8471-33fcdf7de31b,,Gentamycin 80mg,2f2717bc-7c51-44e0-98d4-dac61bd03d0b,1513AAAAAAAAAAAAAAAAAAAAAAAAAAAAAAAA,80mg,
8615595d-d0b0-43d9-8e27-0dbb7ad29d27,,Ketamine 50mg,3616f618-93d0-4d63-b9d5-e4c1e3c090be,1513AAAAAAAAAAAAAAAAAAAAAAAAAAAAAAAA,50mg,
4a1b9e6e-eaed-4feb-b7d4-4e7bb09c1945,,Ligocane vial,41072bce-125e-4ae5-934a-5268504a5df0,1513AAAAAAAAAAAAAAAAAAAAAAAAAAAAAAAA,,
1c3b4048-c80d-40f6-80dd-abd1412c7e6c,,Labetalol 100mg/29ml,63469cfb-580d-423a-af22-a4882d543415,1513AAAAAAAAAAAAAAAAAAAAAAAAAAAAAAAA,100mg/29ml,
fcce469a-c0d1-455e-96ea-fedf63c45e3b,,Levoflaxacin 500 mg/ 100ml,438d4d37-7647-403c-bc11-cfc41f625912,1513AAAAAAAAAAAAAAAAAAAAAAAAAAAAAAAA,500mg/100ml,
42f7e8a6-614c-42d5-a378-0b8b5f3fb9fe,,Morphine injection,7fbb95bf-22ef-456f-9ab1-ff8deb83e6fe,1513AAAAAAAAAAAAAAAAAAAAAAAAAAAAAAAA,,
e6a8019c-5c8f-4378-81e0-11eab3b95ca6,,Meropenem 1g,56ab08c9-5d80-471b-af68-ff955971791e,1513AAAAAAAAAAAAAAAAAAAAAAAAAAAAAAAA,1g,
bb6fcb57-8209-4a86-ad45-761fdfccd9b1,,Metranidazole 500mg IV,430b8caa-ea99-4af2-9cbc-28668b7da4b5,1513AAAAAAAAAAAAAAAAAAAAAAAAAAAAAAAA,500mg,
33d87e25-dc53-4089-bd56-7ceb129e08c9,,Metoclopramide ( plasil) 5mg,b4efe648-0dbd-46f3-8480-77d899257958,1513AAAAAAAAAAAAAAAAAAAAAAAAAAAAAAAA,5mg,
06f993ae-7bc2-47aa-930c-b6dc7888d718,,Magnesium sulphate 500mg,33b0a3a4-63de-4804-a13e-7550dc13ebd8,1513AAAAAAAAAAAAAAAAAAAAAAAAAAAAAAAA,500mg,
2ac196c3-4c3d-4dd8-9c82-3296fcb936c3,,Omeprazole 40mg,24e47e63-4e17-4360-8513-9d8fbee6cb9e,1513AAAAAAAAAAAAAAAAAAAAAAAAAAAAAAAA,40mg,
f13d0b73-1398-4d18-995a-ecab3d15c2ac,,Ondansetron 4mg ,8f442e8f-10b8-470b-8491-cc3cfdb1a10e,1513AAAAAAAAAAAAAAAAAAAAAAAAAAAAAAAA,4mg,
c1806b78-7b72-4811-b3c3-7ca8428face6,,Ondansetron 8mg ,8f442e8f-10b8-470b-8491-cc3cfdb1a10e,1513AAAAAAAAAAAAAAAAAAAAAAAAAAAAAAAA,8mg,
442c9b58-7b31-478b-8d3e-120797689b2e,,Paracetamol 4g,bbffff16-5d14-44f7-b28e-46999cd2e070,1513AAAAAAAAAAAAAAAAAAAAAAAAAAAAAAAA,4g,
0621bc30-b2bd-4fb2-b371-a785b40291f4,,Paracetamol  5pk,9526ad3f-407e-4280-bc9f-4ccd22349fbb,1513AAAAAAAAAAAAAAAAAAAAAAAAAAAAAAAA,5pk,
f7951c76-00d4-45e8-adf9-fefb01a2f2d0,,Phytomenadine ( Vit K ) 10mg,fbc2564a-903a-4659-9b44-7499009bb3b8,1513AAAAAAAAAAAAAAAAAAAAAAAAAAAAAAAA,10mg,
4e43bdf9-10a4-4151-aa5d-056f3de827f1,,Phytomenadine ( Vit K ) 0.2ml,fbc2564a-903a-4659-9b44-7499009bb3b9,1513AAAAAAAAAAAAAAAAAAAAAAAAAAAAAAAA,0.2ml,
624e3ef1-6744-41bd-8278-4f3313d33dc0,,Phenobarbital,634070b0-12a9-4184-9673-7d5e8ad27d4c,1513AAAAAAAAAAAAAAAAAAAAAAAAAAAAAAAA,,
c7c37cf2-f930-4ded-a28b-0e5cccbaf5fd,,Pabrinex,a9d48e85-64b7-401e-b807-1b2334db5482,1513AAAAAAAAAAAAAAAAAAAAAAAAAAAAAAAA,,
4a334313-19e0-401a-a62d-68fec791cb20,,Pencillin Procaine fortified 4ml,329ba25b-2a4d-4474-81e6-ae3749b3798a,1513AAAAAAAAAAAAAAAAAAAAAAAAAAAAAAAA,4ml,
9447059a-575e-400b-8e3a-09fba50086eb,,Tramadol 100mg,9f6631ec-f6d5-4be7-8a3b-8894708a6316,1513AAAAAAAAAAAAAAAAAAAAAAAAAAAAAAAA,100mg,
a47b0adc-56be-41d4-8c0b-058cfb454eb8,,Tranexamic acid 500mg,50b3e6cf-fd7c-4a08-bfd1-e434473089de,1513AAAAAAAAAAAAAAAAAAAAAAAAAAAAAAAA,500mg,
6a45c6f3-1e16-4561-99d9-5ae708fb328a,,Fluphenazine Dacanoate 25mg,5bdafb54-6886-47fc-b244-edbde2ab1913,1513AAAAAAAAAAAAAAAAAAAAAAAAAAAAAAAA,25mg,
48734716-92c8-4410-9c59-d89f996186cb,,Quenine injection 600mg,312cef9a-85a3-4e48-8eea-3c3c85062cce,1513AAAAAAAAAAAAAAAAAAAAAAAAAAAAAAAA,600mg,
c9835062-a617-4888-9f80-34767056bd0f,,Water for injection,9c9c1170-f8f0-4a6b-86c3-4877a054551d,1513AAAAAAAAAAAAAAAAAAAAAAAAAAAAAAAA,,
23a56eaf-6fbc-4511-82e6-e29fffc99b8f,,Insulin (mixtard),644967ec-04da-42cf-ae61-1a3f7ffdf48c,1513AAAAAAAAAAAAAAAAAAAAAAAAAAAAAAAA,,
1ad75ba9-2976-490b-9052-8a42fce83551,,T.T 0.5ML,0aeade20-c2aa-455a-b5bc-7446a9e86785,1513AAAAAAAAAAAAAAAAAAAAAAAAAAAAAAAA,,
27240828-220c-4303-beb1-84ab985d0c89,,Urine bag (adult),ff006973-aff6-4e93-aab0-a8c75aa1922e,1513AAAAAAAAAAAAAAAAAAAAAAAAAAAAAAAA,,
64ca617d-64ff-4f16-b365-90bd256ad8e8,,Giving set /25,5e61c78d-cd23-43f4-96e1-a4c5cb367dd3,1513AAAAAAAAAAAAAAAAAAAAAAAAAAAAAAAA,,
14a0d7c7-1e8a-408c-8209-5225bfbe3bb5,,Giving set Paediatric /10,a1f1d427-700f-49ab-8a63-fef556377fea,1513AAAAAAAAAAAAAAAAAAAAAAAAAAAAAAAA,,
70bbb297-2cc9-4776-9baf-e1ef64af8238,,Branula ,5da81249-b277-4b40-9fb5-c22f82ebf38d,1513AAAAAAAAAAAAAAAAAAAAAAAAAAAAAAAA,,
ca64e81a-3bde-4201-85e7-dbd1a9f9e168,,Oxygen mask non- rebreather (Adult),adbea8a9-fcb1-44de-97cf-ee498e5b1315,1513AAAAAAAAAAAAAAAAAAAAAAAAAAAAAAAA,,
918ffd8d-3b7f-4292-b304-08df44300e62,,Surgical gloves 7.5,96a9b5cd-2bc5-4eff-90c5-657a09fcb290,1513AAAAAAAAAAAAAAAAAAAAAAAAAAAAAAAA,,
26b5d032-a56f-4468-9035-8049c6852fa3,,Primaspore dressing pk,25fbcd85-ffeb-45b7-ac1c-dd0ed61c0cff,1513AAAAAAAAAAAAAAAAAAAAAAAAAAAAAAAA,,
5beff01d-b731-4563-bbbf-835148f8be50,,Insuline syringes,3cdfca56-98cb-4cca-b822-420552624fc8,1513AAAAAAAAAAAAAAAAAAAAAAAAAAAAAAAA,,
6555a978-1ad7-46fb-9d18-9f2ce9429193,,Disposable apron,62c7ded5-5cc1-4385-80de-15690e5534c5,1513AAAAAAAAAAAAAAAAAAAAAAAAAAAAAAAA,,
58470a3e-c1d2-42ba-a67b-76c75c01013f,,Needles,11b7ada5-7bc3-43c1-9f3d-1cd4a633e0a2,1513AAAAAAAAAAAAAAAAAAAAAAAAAAAAAAAA,,
ecc18492-21e3-4b01-8b0f-a1de617dc7ff,,Surgical blade,01d282ae-b7f5-42b1-afd3-6486ac54f6ad,1513AAAAAAAAAAAAAAAAAAAAAAAAAAAAAAAA,,
78ffa564-1db4-4c22-9569-f7ba3cde0cce,,Syringes 2ml,71e82fc7-2853-46d0-909e-010482f1430b,1513AAAAAAAAAAAAAAAAAAAAAAAAAAAAAAAA,2ml,
e9b2dae5-5353-4cc0-9b58-544ab0c7a6c4,,Syringes 5ml,71e82fc7-2853-46d0-909e-010482f1430b,1513AAAAAAAAAAAAAAAAAAAAAAAAAAAAAAAA,5ml,
0be7bd3f-1fcb-4905-84dd-dc632fe973e0,,Syringes 10ml,71e82fc7-2853-46d0-909e-010482f1430b,1513AAAAAAAAAAAAAAAAAAAAAAAAAAAAAAAA,10ml,
0f687eef-0b4b-43e4-8cca-b8296ca304e8,,Syringes 20ml,71e82fc7-2853-46d0-909e-010482f1430b,1513AAAAAAAAAAAAAAAAAAAAAAAAAAAAAAAA,20ml,
85681d4b-6ef1-4a7b-9ae8-15a065ab5193,,Latex gloves,ccc77a54-674c-4db8-9372-9c11b00f9aac,1513AAAAAAAAAAAAAAAAAAAAAAAAAAAAAAAA,,
0ecd5014-6bc4-469a-b630-cb7ef3b0158b,,Paper gloves,6cad7365-43fa-4c83-8908-982bce26c8bf,1513AAAAAAAAAAAAAAAAAAAAAAAAAAAAAAAA,,
9d36994e-000b-43dc-a8f3-fed18d03bcff,,Ear syringing,fffc2a1e-3c1b-4a71-b62f-09992b9fece0,1513AAAAAAAAAAAAAAAAAAAAAAAAAAAAAAAA,,
c1f5f2ca-d138-4706-a1a1-6ec771997ba1,,Dressing,66c9e27d-120d-4640-b5a3-fafd2aa63883,1513AAAAAAAAAAAAAAAAAAAAAAAAAAAAAAAA,,
316433e1-6875-4994-b428-9472abbd2411,,V.E,51ff0e6d-6db2-4c28-9b64-368988e6b329,1513AAAAAAAAAAAAAAAAAAAAAAAAAAAAAAAA,,
6a5a389a-cc2b-44bf-9912-96e4b5069d28,,M.V.A,e20f611c-0c32-4b3f-88de-5f915b2514ce,1513AAAAAAAAAAAAAAAAAAAAAAAAAAAAAAAA,,
66d67232-6d9d-4128-8b10-171983bb824d,,SPECULUM EXAMINATION,9662fadc-13f9-4a0d-b471-0fef60bfb205,1513AAAAAAAAAAAAAAAAAAAAAAAAAAAAAAAA,,
9989413b-c0b9-4eb7-ab54-364d96fc52c3,,Nebulization,d9ef51a4-3b95-4dd3-b575-58547ff26def,1513AAAAAAAAAAAAAAAAAAAAAAAAAAAAAAAA,,
5035a791-9eb0-45b7-98c4-dcbdfa566054,,Implant removal ,b4e0865e-d43e-4ab6-94be-1ce7b2fadd3f,1513AAAAAAAAAAAAAAAAAAAAAAAAAAAAAAAA,,
1850dc86-80b3-4270-ac44-0801df3b3db8,,Removal of foreign body,ba3c5778-be8f-44fa-8f8a-e5c684c4c1c7,1513AAAAAAAAAAAAAAAAAAAAAAAAAAAAAAAA,,
de76a7e4-c892-4e2d-9ce9-5b1fce1243d0,,Removal of sutures,ad66d787-a3da-4ce8-9992-1a4bf15d7b0d,1513AAAAAAAAAAAAAAAAAAAAAAAAAAAAAAAA,,
6e48b716-afc0-4be3-bb21-d5d60f55daaf,,I & D,9d8779d2-9464-432f-87d6-57b9da2cb99c,1513AAAAAAAAAAAAAAAAAAAAAAAAAAAAAAAA,,